gid,pa,ep,fp,yp,cctv,light,pop,nb
¤ì‚¬58aa30ab,8.15,,,,0,0,,0
¤ì‚¬58aa30ba,8.15,,,,0,0,,0
¤ì‚¬58aa30bb,4.124,,,,0,0,,0
¤ì‚¬58aa31aa,8.942,,,,0,0,,0
¤ì‚¬58ab30ab,8.15,,,,0,0,,0
¤ì‚¬58ab30ba,8.15,6,7,0,0,3,15,1
¤ì‚¬58ab30bb,8.748,,,,0,0,,0
¤ì‚¬58ab31aa,8.942,,,,0,0,,0
¤ì‚¬58ab31ab,8.942,,,,0,0,,0
¤ì‚¬58ba30ab,7.768,,,,0,0,,0
¤ì‚¬58ba30ba,8.15,,,,0,0,,0
¤ì‚¬58ba30bb,8.522,,,,0,0,,0
¤ì‚¬58ba31aa,8.942,,,,0,0,,0
¤ì‚¬58ba31ab,8.942,,,,0,0,,0
¤ì‚¬58ba31ba,8.942,,,,0,0,,0
¤ì‚¬58ba31bb,5.178,,,,0,0,,0
¤ì‚¬58bb30aa,7.768,,,,0,0,,0
¤ì‚¬58bb30ab,7.768,0,0,,0,10,8,1
¤ì‚¬58bb30ba,8.522,,,,0,0,,0
¤ì‚¬58bb30bb,8.7,,,,0,0,,0
¤ì‚¬58bb31aa,8.7,,,,0,0,,0
¤ì‚¬58bb31ab,5.379,,,,0,0,,0
¤ì‚¬58bb31ba,5.129,,,,0,0,,0
¤ì‚¬58bb31bb,5.129,,,,0,0,,0
¤ì‚¬58bb32aa,4.61,,,,0,0,,0
¤ì‚¬58bb32ab,4.341,,,,0,0,,0
¤ì‚¬59aa30aa,7.768,0,0,,0,5,6,1
¤ì‚¬59aa30ab,7.768,0,0,,0,4,7,2
¤ì‚¬59aa30ba,4.878,,,,0,0,,0
¤ì‚¬59aa30bb,4.878,,,,0,0,,0
¤ì‚¬59aa31aa,4.878,,,,0,0,,0
¤ì‚¬59aa31ab,4.285,,,,0,0,,0
¤ì‚¬59aa31ba,4.285,,,,0,0,,0
¤ì‚¬59aa31bb,4.285,,,,0,0,,0
¤ì‚¬59aa32aa,4.061,,,,0,0,,0
¤ì‚¬59aa32ab,4.223,,,,0,0,,0
¤ì‚¬59aa32ba,4.223,,,,0,0,,0
¤ì‚¬59aa32bb,4.223,,,,0,0,,0
¤ì‚¬59aa33aa,9.943,,,,0,0,,0
¤ì‚¬59aa33ab,7.675,,,,0,0,,0
¤ì‚¬59aa33ba,7.675,,,,0,0,,0
¤ì‚¬59aa33bb,7.675,,,,0,0,,0
¤ì‚¬59ab30aa,6.89,0,0,,1,2,6,3
¤ì‚¬59ab30ab,6.89,0,0,,0,0,0,2
¤ì‚¬59ab30ba,4.878,,,,0,0,,0
¤ì‚¬59ab30bb,4.878,,,,0,0,,0
¤ì‚¬59ab31aa,4.878,,,,0,0,,0
¤ì‚¬59ab31ab,4.285,,,,0,0,,0
¤ì‚¬59ab31ba,4.285,,,,0,0,,0
¤ì‚¬59ab31bb,4.285,,,,0,0,,0
¤ì‚¬59ab32aa,3.65,,,,0,0,,0
¤ì‚¬59ab32ab,3.871,,,,0,0,,0
¤ì‚¬59ab32ba,3.871,,,,0,0,,0
¤ì‚¬59ab32bb,3.871,,,,0,0,,0
¤ì‚¬59ab33aa,3.816,,,,0,0,,0
¤ì‚¬59ab33ab,3.816,,,,0,0,,0
¤ì‚¬59ab33ba,8.13,,,,0,0,,0
¤ì‚¬59ab33bb,8.13,,,,0,0,,0
¤ì‚¬59ab34ab,5.259,,,,0,0,,0
¤ì‚¬59ab35aa,5.293,,,,0,0,,0
¤ì‚¬59ab35ab,12.178,,,,0,0,,0
¤ì‚¬59ab35ba,7.914,,,,0,0,,0
¤ì‚¬59ab35bb,7.914,,,,0,0,,0
¤ì‚¬59ab36aa,8.473,,,,0,0,,0
¤ì‚¬59ab36ab,8.473,,,,0,0,,0
¤ì‚¬59ab36ba,8.473,,,,0,0,,0
¤ì‚¬59ba30aa,6.339,0,0,0,0,3,6,0
¤ì‚¬59ba30ab,6.89,,,,0,0,,0
¤ì‚¬59ba30ba,4.878,,,,0,0,,0
¤ì‚¬59ba30bb,4.878,36,27,,0,2,39,3
¤ì‚¬59ba31aa,4.878,,,,0,0,,0
¤ì‚¬59ba31ab,4.285,0,6,0,0,0,13,5
¤ì‚¬59ba31ba,4.285,,,,0,0,,0
¤ì‚¬59ba31bb,4.285,,,,0,0,,0
¤ì‚¬59ba32aa,3.65,,,,0,0,,0
¤ì‚¬59ba32ab,3.946,,,,0,0,,0
¤ì‚¬59ba32ba,2.968,,,,0,0,,0
¤ì‚¬59ba32bb,2.968,,,,0,0,,0
¤ì‚¬59ba33aa,3.816,,,,0,0,,0
¤ì‚¬59ba33ab,3.816,,,,0,0,,0
¤ì‚¬59ba33ba,8.49,,,,0,0,,0
¤ì‚¬59ba33bb,8.49,,,,0,0,,0
¤ì‚¬59ba34aa,5.519,,,,0,0,,0
¤ì‚¬59ba34ab,5.519,,,,0,0,,0
¤ì‚¬59ba34ba,12.374,,,,0,0,,0
¤ì‚¬59ba35aa,12.374,,,,0,0,,0
¤ì‚¬59ba35ab,12.178,,,,0,0,,0
¤ì‚¬59ba35ba,7.707,,,,0,0,,0
¤ì‚¬59ba35bb,8.151,,,,0,0,,0
¤ì‚¬59ba36aa,8.151,,,,0,0,,0
¤ì‚¬59ba36ab,8.151,,,,0,0,,0
¤ì‚¬59ba36ba,8.394,,,,0,0,,0
¤ì‚¬59ba36bb,5.092,,,,0,0,,0
¤ì‚¬59bb29bb,6.541,0,0,,0,4,0,1
¤ì‚¬59bb30aa,6.339,,,,0,0,,0
¤ì‚¬59bb30ab,5.025,,,,0,0,,0
¤ì‚¬59bb30ba,5.025,9,18,6,0,21,37,8
¤ì‚¬59bb30bb,4.164,7,7,,0,11,9,1
¤ì‚¬59bb31aa,3.953,0,8,0,0,4,17,2
¤ì‚¬59bb31ab,4.028,0,8,0,0,14,23,5
¤ì‚¬59bb31ba,4.028,0,0,,0,0,0,4
¤ì‚¬59bb31bb,4.028,,,,0,8,,0
¤ì‚¬59bb32aa,3.65,,,,0,0,,0
¤ì‚¬59bb32ab,3.731,,,,0,0,,0
¤ì‚¬59bb32ba,2.781,,,,0,0,,0
¤ì‚¬59bb32bb,2.968,0,0,,0,0,6,3
¤ì‚¬59bb33aa,8.922,,,,0,0,,0
¤ì‚¬59bb33ab,8.922,,,,0,0,,0
¤ì‚¬59bb33ba,8.922,,,,0,0,,0
¤ì‚¬59bb33bb,8.871,,,,0,0,,0
¤ì‚¬59bb34aa,8.794,,,,0,0,,0
¤ì‚¬59bb34ab,5.711,,,,0,0,,0
¤ì‚¬59bb34ba,12.374,,,,0,0,,0
¤ì‚¬59bb34bb,12.374,,,,0,0,,0
¤ì‚¬59bb35aa,12.374,,,,0,0,,0
¤ì‚¬59bb35ab,7.711,,,,0,0,,0
¤ì‚¬59bb35ba,7.254,,,,0,0,,0
¤ì‚¬59bb35bb,7.254,,,,0,0,,0
¤ì‚¬59bb36aa,7.813,,,,0,0,,0
¤ì‚¬59bb36ab,7.813,,,,0,0,,0
¤ì‚¬59bb36ba,7.394,,,,0,0,,0
¤ì‚¬59bb36bb,5.092,,,,0,0,,0
¤ì‚¬60aa29ba,7.025,0,0,,0,1,0,4
¤ì‚¬60aa29bb,6.339,8,7,,0,15,16,3
¤ì‚¬60aa30aa,6.339,,0,,0,9,17,1
¤ì‚¬60aa30ab,5.025,,0,,0,1,0,1
¤ì‚¬60aa30ba,5.025,,,,0,0,,0
¤ì‚¬60aa30bb,4.4,,,,0,0,,0
¤ì‚¬60aa31aa,4.4,,,,0,0,,0
¤ì‚¬60aa31ab,4.4,,,,0,0,,0
¤ì‚¬60aa31ba,3.953,,,,0,0,,0
¤ì‚¬60aa31bb,3.708,,,,0,6,0,1
¤ì‚¬60aa32aa,3.428,,,,0,0,,0
¤ì‚¬60aa32ab,3.396,,,,0,0,,0
¤ì‚¬60aa32ba,2.781,,0,,0,23,0,0
¤ì‚¬60aa32bb,2.968,0,0,0,1,0,7,1
¤ì‚¬60aa33aa,8.922,,,,0,0,,0
¤ì‚¬60aa33ab,8.922,,,,0,0,,0
¤ì‚¬60aa33ba,8.922,,,,0,0,,0
¤ì‚¬60aa33bb,8.871,,,,0,0,,0
¤ì‚¬60aa34aa,9.1,,,,0,0,,0
¤ì‚¬60aa34ab,9.998,,,,0,0,,0
¤ì‚¬60aa34ba,7.456,,,,0,0,,0
¤ì‚¬60aa34bb,7.456,,,,0,0,,0
¤ì‚¬60aa35aa,7.456,,,,0,0,,0
¤ì‚¬60aa35ab,6.544,,,,0,0,,0
¤ì‚¬60aa35ba,6.544,,,,0,0,,0
¤ì‚¬60aa35bb,6.544,,,,0,0,,0
¤ì‚¬60aa36aa,7.254,,,,0,0,,0
¤ì‚¬60aa36ab,6.537,,,,0,0,,0
¤ì‚¬60aa36ba,6.483,,,,0,0,,0
¤ì‚¬60aa36bb,4.869,,,,0,0,,0
¤ì‚¬60ab29aa,5.571,,,,0,0,,0
¤ì‚¬60ab29ab,5.571,,,,0,0,,0
¤ì‚¬60ab29ba,5.571,7,13,0,0,0,27,9
¤ì‚¬60ab29bb,5.954,0,0,,0,0,7,1
¤ì‚¬60ab30aa,5.025,,,,0,0,,0
¤ì‚¬60ab30ab,5.025,,,,0,0,,0
¤ì‚¬60ab30ba,5.025,,,,0,0,,0
¤ì‚¬60ab30bb,4.4,,,,0,0,,0
¤ì‚¬60ab31aa,4.912,,,,0,0,,0
¤ì‚¬60ab31ab,4.912,,,,0,0,,0
¤ì‚¬60ab31ba,4.912,,,,0,0,,0
¤ì‚¬60ab31bb,3.708,,,,0,0,,0
¤ì‚¬60ab32aa,3.37,,,,0,0,,0
¤ì‚¬60ab32ab,5.564,,,,0,0,,0
¤ì‚¬60ab32ba,5.564,,,,0,4,,0
¤ì‚¬60ab32bb,2.885,,0,,0,0,9,7
¤ì‚¬60ab33aa,8.922,,,,0,0,,0
¤ì‚¬60ab33ab,8.922,,,,0,0,,0
¤ì‚¬60ab33ba,8.922,,,,0,0,,0
¤ì‚¬60ab33bb,9.15,,,,0,0,,0
¤ì‚¬60ab34aa,9.338,,,,0,0,,0
¤ì‚¬60ab34ab,9.998,,,,0,0,,0
¤ì‚¬60ab34ba,9.998,,,,0,0,,0
¤ì‚¬60ab34bb,7.789,,,,0,0,,0
¤ì‚¬60ab35aa,7.615,,,,0,0,,0
¤ì‚¬60ab35ab,6.901,,,,0,0,,0
¤ì‚¬60ab35ba,6.901,,,,0,0,,0
¤ì‚¬60ab35bb,6.544,,,,0,0,,0
¤ì‚¬60ab36aa,6.255,,,,0,0,,0
¤ì‚¬60ab36ab,6.537,,,,0,0,,0
¤ì‚¬60ab36ba,6.483,,,,0,0,,0
¤ì‚¬60ab36bb,6.301,,,,0,0,,0
¤ì‚¬60ba29aa,5.571,,,,0,0,,0
¤ì‚¬60ba29ab,5.571,0,0,,0,0,0,1
¤ì‚¬60ba29ba,5.571,0,0,,0,0,0,0
¤ì‚¬60ba29bb,6.082,,,,0,0,,0
¤ì‚¬60ba30aa,5.199,,,,0,0,,0
¤ì‚¬60ba30ab,5.199,,,,0,0,,0
¤ì‚¬60ba30ba,5.199,,,,0,0,,0
¤ì‚¬60ba30bb,4.4,,,,0,0,,0
¤ì‚¬60ba31aa,4.912,,,,0,0,,0
¤ì‚¬60ba31ab,4.912,,,,0,0,,0
¤ì‚¬60ba31ba,4.912,,,,0,0,,0
¤ì‚¬60ba31bb,3.203,,,,0,0,,0
¤ì‚¬60ba32aa,5.564,,,,0,0,,0
¤ì‚¬60ba32ab,5.564,,,,0,0,,0
¤ì‚¬60ba32ba,5.564,21,55,0,0,14,106,3
¤ì‚¬60ba32bb,2.144,0,9,0,0,0,17,2
¤ì‚¬60ba33aa,2.403,,,,0,0,,0
¤ì‚¬60ba33ab,9.739,,,,0,0,,0
¤ì‚¬60ba33ba,9.739,,,,0,0,,0
¤ì‚¬60ba33bb,9.935,,,,0,0,,0
¤ì‚¬60ba34aa,9.998,,,,0,0,,0
¤ì‚¬60ba34ab,9.998,,,,0,0,,0
¤ì‚¬60ba34ba,9.998,,,,0,0,,0
¤ì‚¬60ba34bb,7.789,,,,0,0,,0
¤ì‚¬60ba35aa,7.615,,,,0,0,,0
¤ì‚¬60ba35ab,6.901,,,,0,0,,0
¤ì‚¬60ba35ba,6.901,,,,0,0,,0
¤ì‚¬60ba35bb,6.544,,,,0,0,,0
¤ì‚¬60ba36aa,6.255,,,,0,0,,0
¤ì‚¬60ba36ab,6.483,,,,0,0,,0
¤ì‚¬60ba36ba,6.483,,,,0,0,,0
¤ì‚¬60ba36bb,6.301,,,,0,0,,0
¤ì‚¬60bb29aa,5.275,,0,,1,0,7,2
¤ì‚¬60bb29ab,4.753,27,66,9,1,0,143,5
¤ì‚¬60bb29ba,5.444,,,,0,0,,0
¤ì‚¬60bb29bb,5.753,,,,0,0,,0
¤ì‚¬60bb30aa,5.571,,,,0,0,,0
¤ì‚¬60bb30ab,5.571,,,,0,0,,0
¤ì‚¬60bb30ba,5.571,,,,0,0,,0
¤ì‚¬60bb30bb,4.32,,,,0,0,,1
¤ì‚¬60bb31aa,4.912,,,,0,0,,0
¤ì‚¬60bb31ab,2.927,,,,0,0,,0
¤ì‚¬60bb31ba,2.927,,,,0,0,,0
¤ì‚¬60bb31bb,2.927,,,,0,0,,0
¤ì‚¬60bb32aa,5.564,,,,0,18,,0
¤ì‚¬60bb32ab,5.564,0,0,,0,0,6,1
¤ì‚¬60bb32ba,5.564,93,253,51,0,29,480,8
¤ì‚¬60bb32bb,9.795,12,113,34,0,0,204,0
¤ì‚¬60bb33aa,9.795,,,,0,0,,0
¤ì‚¬60bb33ab,9.795,,,,0,0,,0
¤ì‚¬60bb33ba,9.739,,,,0,0,,0
¤ì‚¬60bb33bb,9.935,,,,0,0,,0
¤ì‚¬60bb34aa,18.394,,,,0,0,,0
¤ì‚¬60bb34ab,6.367,,,,0,0,,0
¤ì‚¬60bb34ba,6.182,,,,0,0,,0
¤ì‚¬60bb34bb,6.182,,,,0,0,,0
¤ì‚¬60bb35aa,6.182,,,,0,0,,0
¤ì‚¬60bb35ab,6.257,,,,0,0,,0
¤ì‚¬60bb35ba,6.901,,,,0,0,,0
¤ì‚¬60bb35bb,5.722,,,,0,0,,0
¤ì‚¬60bb36aa,5.722,,,,0,0,,0
¤ì‚¬60bb36ab,5.722,,,,0,0,,0
¤ì‚¬60bb36ba,5.492,,,,0,0,,0
¤ì‚¬60bb36bb,5.513,,,,0,0,,0
¤ì‚¬61aa29aa,5.275,0,0,0,0,0,9,3
¤ì‚¬61aa29ab,4.753,0,21,10,0,0,36,4
¤ì‚¬61aa29ba,5.753,0,0,,0,0,0,0
¤ì‚¬61aa29bb,5.753,,,,0,0,,0
¤ì‚¬61aa30aa,3.55,,,,0,0,,0
¤ì‚¬61aa30ab,4.32,0,0,0,0,0,0,0
¤ì‚¬61aa30ba,4.32,,,,0,0,,0
¤ì‚¬61aa30bb,4.32,0,0,,0,4,0,3
¤ì‚¬61aa31aa,7.055,,,,0,1,,1
¤ì‚¬61aa31ab,7.345,,,,0,0,,0
¤ì‚¬61aa31ba,7.345,,,,0,0,,0
¤ì‚¬61aa31bb,7.345,,,,0,0,,0
¤ì‚¬61aa32aa,2.6,,,,0,0,,0
¤ì‚¬61aa32ab,1.505,,0,,0,0,6,1
¤ì‚¬61aa32ba,1.505,65,223,40,1,9,444,3
¤ì‚¬61aa32bb,1.505,28,109,23,0,2,214,0
¤ì‚¬61aa33aa,9.795,,,,0,0,,0
¤ì‚¬61aa33ab,9.795,,,,0,0,,0
¤ì‚¬61aa33ba,9.739,,,,0,0,,0
¤ì‚¬61aa33bb,9.935,,,,0,0,,0
¤ì‚¬61aa34aa,18.394,,,,0,0,,0
¤ì‚¬61aa34ab,5.867,,,,0,0,,0
¤ì‚¬61aa34ba,5.867,,,,0,0,,0
¤ì‚¬61aa34bb,5.867,,,,0,0,,0
¤ì‚¬61aa35aa,6.182,,,,0,0,,0
¤ì‚¬61aa35ab,6.123,,,,0,0,,0
¤ì‚¬61aa35ba,5.432,,,,0,0,,0
¤ì‚¬61aa35bb,5.432,,,,0,0,,0
¤ì‚¬61aa36aa,5.432,,,,0,0,,0
¤ì‚¬61aa36ab,5.342,,,,0,0,,0
¤ì‚¬61aa36ba,5.355,,,,0,0,,0
¤ì‚¬61aa36bb,5.355,,,,0,0,,0
¤ì‚¬61ab29aa,4.173,0,0,,0,0,0,0
¤ì‚¬61ab29ab,4.753,,0,,0,0,0,0
¤ì‚¬61ab29ba,5.753,,,,0,0,,0
¤ì‚¬61ab29bb,5.753,,,,0,1,,0
¤ì‚¬61ab30aa,3.313,0,,,0,0,0,0
¤ì‚¬61ab30ab,3.313,,,,0,5,,0
¤ì‚¬61ab30ba,3.313,,,,0,9,,0
¤ì‚¬61ab30bb,6.695,,,,0,0,,0
¤ì‚¬61ab31aa,6.903,,,,0,0,,0
¤ì‚¬61ab31ab,7.345,,,,0,0,,0
¤ì‚¬61ab31ba,7.345,,,,0,2,,0
¤ì‚¬61ab31bb,7.345,,,,0,0,,0
¤ì‚¬61ab32aa,1.546,,,,0,0,,0
¤ì‚¬61ab32ab,1.505,36,291,86,1,0,549,0
¤ì‚¬61ab32ba,1.505,14,67,15,6,0,129,0
¤ì‚¬61ab32bb,1.505,45,168,45,1,0,349,0
¤ì‚¬61ab33aa,9.795,,,,0,0,,0
¤ì‚¬61ab33ab,9.795,,,,0,0,,0
¤ì‚¬61ab33ba,10.065,,,,0,0,,0
¤ì‚¬61ab33bb,18.394,,,,0,0,,0
¤ì‚¬61ab34aa,18.394,,,,0,0,,0
¤ì‚¬61ab34ab,5.867,,,,0,0,,0
¤ì‚¬61ab34ba,5.867,,,,0,0,,0
¤ì‚¬61ab34bb,5.867,,,,0,0,,0
¤ì‚¬61ab35aa,6.182,,,,0,0,,0
¤ì‚¬61ab35ab,5.98,,,,0,0,,0
¤ì‚¬61ab35ba,5.978,,,,0,0,,0
¤ì‚¬61ab35bb,5.432,,,,0,0,,0
¤ì‚¬61ab36aa,5.432,,,,0,0,,0
¤ì‚¬61ab36ab,5.342,,,,0,0,,0
¤ì‚¬61ab36ba,5.008,,,,0,0,,0
¤ì‚¬61ab36bb,5.008,,,,0,0,,0
¤ì‚¬61ba28bb,4.712,,,,0,0,,0
¤ì‚¬61ba29aa,4.173,0,0,,0,5,0,2
¤ì‚¬61ba29ab,3.982,,,,0,1,,0
¤ì‚¬61ba29ba,3.982,,,,0,3,,0
¤ì‚¬61ba29bb,3.55,,,,0,0,,0
¤ì‚¬61ba30aa,3.313,,,,0,0,,0
¤ì‚¬61ba30ab,3.313,,,,0,7,,0
¤ì‚¬61ba30ba,3.313,,,,0,2,,0
¤ì‚¬61ba30bb,3.29,,,,0,0,,0
¤ì‚¬61ba31aa,6.903,,,,0,0,,0
¤ì‚¬61ba31ab,7.345,,,,0,0,,0
¤ì‚¬61ba31ba,7.345,,,,0,0,,0
¤ì‚¬61ba31bb,7.345,,,,0,0,,0
¤ì‚¬61ba32aa,7.653,,,,0,0,,0
¤ì‚¬61ba32ab,1.505,9,86,26,2,0,165,0
¤ì‚¬61ba32ba,1.876,28,115,37,9,0,231,0
¤ì‚¬61ba32bb,1.876,25,110,29,1,0,204,0
¤ì‚¬61ba33aa,1.876,,,,0,0,,0
¤ì‚¬61ba33ab,2.142,,,,0,0,,0
¤ì‚¬61ba33ba,18.387,,,,0,0,,0
¤ì‚¬61ba33bb,18.387,,,,0,0,,1
¤ì‚¬61ba34aa,5.378,,,,0,0,,0
¤ì‚¬61ba34ab,5.867,,,,0,0,,0
¤ì‚¬61ba34ba,5.867,,,,0,0,,0
¤ì‚¬61ba34bb,5.867,,,,0,0,,0
¤ì‚¬61ba35aa,5.91,,,,0,0,,0
¤ì‚¬61ba35ab,5.91,,,,0,0,,0
¤ì‚¬61ba35ba,5.978,,,,0,0,,0
¤ì‚¬61ba35bb,5.836,,,,0,0,,0
¤ì‚¬61ba36aa,5.432,,,,0,0,,0
¤ì‚¬61ba36ab,5.342,10,17,0,0,5,29,9
¤ì‚¬61ba36ba,5.008,,,,0,0,,0
¤ì‚¬61ba36bb,5.008,,,,0,0,,0
¤ì‚¬61bb28bb,4.628,,,,0,1,,0
¤ì‚¬61bb29aa,4.173,,,,0,0,,0
¤ì‚¬61bb29ab,3.865,,,,0,0,,0
¤ì‚¬61bb29ba,3.865,,,,1,16,,0
¤ì‚¬61bb29bb,3.865,,,,0,13,,0
¤ì‚¬61bb30aa,3.313,,,,1,15,,0
¤ì‚¬61bb30ab,3.313,,,,0,15,,0
¤ì‚¬61bb30ba,3.602,,,,0,2,,0
¤ì‚¬61bb30bb,3.888,,,,0,4,,0
¤ì‚¬61bb31aa,6.903,,,,0,0,,0
¤ì‚¬61bb31ab,1.394,,,,0,0,,0
¤ì‚¬61bb31ba,1.394,,,,0,0,,0
¤ì‚¬61bb31bb,1.394,21,79,14,0,0,136,0
¤ì‚¬61bb32aa,7.653,,,,0,0,,0
¤ì‚¬61bb32ab,7.653,30,193,85,4,0,372,0
¤ì‚¬61bb32ba,1.876,71,309,106,8,0,628,0
¤ì‚¬61bb32bb,1.876,37,99,26,0,0,186,0
¤ì‚¬61bb33aa,1.876,,,,0,0,,0
¤ì‚¬61bb33ab,2.142,,,,0,0,,0
¤ì‚¬61bb33ba,18.387,,,,0,0,,0
¤ì‚¬61bb33bb,18.387,,,,0,0,,0
¤ì‚¬61bb34aa,5.378,,,,0,2,,0
¤ì‚¬61bb34ab,5.378,,,,0,6,,0
¤ì‚¬61bb34ba,5.378,,,,0,0,,0
¤ì‚¬61bb34bb,5.91,,,,0,0,,0
¤ì‚¬61bb35aa,5.91,,,,0,0,,0
¤ì‚¬61bb35ab,5.91,,,,0,0,,0
¤ì‚¬61bb35ba,5.479,,,,0,0,,0
¤ì‚¬61bb35bb,5.479,,,,0,0,,0
¤ì‚¬61bb36aa,5.354,,,,0,0,,0
¤ì‚¬61bb36ab,4.44,49,76,0,0,9,147,11
¤ì‚¬61bb36ba,4.44,27,63,0,0,0,123,9
¤ì‚¬61bb36bb,4.133,,,,0,0,,0
¤ì‚¬62aa28ba,4.628,,,,0,0,,0
¤ì‚¬62aa28bb,4.628,,,,0,0,,0
¤ì‚¬62aa29aa,4.347,,,,0,0,,0
¤ì‚¬62aa29ab,3.865,,,,0,0,,0
¤ì‚¬62aa29ba,3.865,,,,0,0,,0
¤ì‚¬62aa29bb,3.865,,,,0,0,,0
¤ì‚¬62aa30aa,3.082,,,,0,5,,0
¤ì‚¬62aa30ab,3.082,,,,0,4,,0
¤ì‚¬62aa30ba,2.107,,,,0,5,,0
¤ì‚¬62aa30bb,3.888,,,,0,0,,0
¤ì‚¬62aa31aa,2.012,,,,0,0,,0
¤ì‚¬62aa31ab,1.394,,,,0,0,,0
¤ì‚¬62aa31ba,1.394,37,100,17,2,0,182,0
¤ì‚¬62aa31bb,1.394,343,982,225,0,0,1937,0
¤ì‚¬62aa32aa,1.038,227,898,277,5,0,1772,0
¤ì‚¬62aa32ab,0.525,187,739,185,4,0,1440,0
¤ì‚¬62aa32ba,1.876,117,527,169,2,0,996,0
¤ì‚¬62aa32bb,18.176,75,520,186,4,0,994,0
¤ì‚¬62aa33aa,18.176,,,,0,0,,0
¤ì‚¬62aa33ab,18.176,,,,0,0,,0
¤ì‚¬62aa33ba,18.387,,,,0,0,,2
¤ì‚¬62aa33bb,3.182,0,0,,0,1,0,1
¤ì‚¬62aa34aa,5.378,,,,0,0,,0
¤ì‚¬62aa34ab,5.378,0,0,,0,5,0,5
¤ì‚¬62aa34ba,5.378,,,,0,2,,0
¤ì‚¬62aa34bb,5.22,,,,0,0,,0
¤ì‚¬62aa35aa,5.91,,,,0,0,,0
¤ì‚¬62aa35ab,5.91,,,,0,1,,0
¤ì‚¬62aa35ba,5.479,,,,0,0,,0
¤ì‚¬62aa35bb,5.479,,,,0,0,,0
¤ì‚¬62aa36aa,5.121,,,,0,0,,0
¤ì‚¬62aa36ab,4.44,14,35,0,1,1,64,6
¤ì‚¬62aa36ba,4.44,22,43,0,2,2,82,9
¤ì‚¬62aa36bb,4.133,6,12,0,2,6,31,10
¤ì‚¬62aa37aa,4.248,17,32,7,0,8,66,1
¤ì‚¬62aa37ab,4.248,0,0,,0,0,0,0
¤ì‚¬62aa37ba,4.248,,,,0,0,,0
¤ì‚¬62aa37bb,4.46,,,,0,0,,0
¤ì‚¬62aa38aa,4.46,,,,0,0,,0
¤ì‚¬62ab28aa,5.45,,,,0,0,,0
¤ì‚¬62ab28ab,4.628,6,7,,0,0,15,2
¤ì‚¬62ab28ba,4.628,,,,0,0,,0
¤ì‚¬62ab28bb,4.628,,,,0,0,,0
¤ì‚¬62ab29aa,3.832,,,,0,0,,0
¤ì‚¬62ab29ab,3.865,,,,0,0,,0
¤ì‚¬62ab29ba,3.865,,,,0,0,,0
¤ì‚¬62ab29bb,3.865,,,,0,0,,0
¤ì‚¬62ab30aa,3.082,,,,0,0,,0
¤ì‚¬62ab30ab,3.082,0,10,,0,0,20,0
¤ì‚¬62ab30ba,3.055,7,12,0,0,3,20,1
¤ì‚¬62ab30bb,3.055,,,,0,0,,0
¤ì‚¬62ab31aa,3.055,,,,0,16,,0
¤ì‚¬62ab31ab,1.394,,,,0,3,,0
¤ì‚¬62ab31ba,1.394,94,229,47,0,2,459,0
¤ì‚¬62ab31bb,0.892,105,254,64,1,0,486,0
¤ì‚¬62ab32aa,0.892,122,529,152,2,0,1022,0
¤ì‚¬62ab32ab,0.892,159,666,210,1,0,1279,0
¤ì‚¬62ab32ba,0.525,144,678,204,4,0,1319,0
¤ì‚¬62ab32bb,18.176,80,368,80,4,0,727,0
¤ì‚¬62ab33aa,18.176,,,,0,0,,0
¤ì‚¬62ab33ab,18.176,,,,0,0,,0
¤ì‚¬62ab33ba,2.628,,,,0,0,,0
¤ì‚¬62ab33bb,3.182,0,0,,0,0,8,0
¤ì‚¬62ab34aa,3.182,,,,0,0,,0
¤ì‚¬62ab34ab,5.22,,,,0,5,0,4
¤ì‚¬62ab34ba,5.22,,,,0,0,,0
¤ì‚¬62ab34bb,5.22,,,,0,0,,0
¤ì‚¬62ab35aa,5.588,,,,0,0,,0
¤ì‚¬62ab35ab,4.883,,,,0,0,,0
¤ì‚¬62ab35ba,4.883,,,,0,0,7,0
¤ì‚¬62ab35bb,4.883,0,0,,0,0,0,1
¤ì‚¬62ab36aa,6.677,,,,0,1,,0
¤ì‚¬62ab36ab,6.677,0,0,,0,0,0,0
¤ì‚¬62ab36ba,4.44,,,,0,0,,0
¤ì‚¬62ab36bb,4.133,0,0,,0,0,6,5
¤ì‚¬62ab37aa,4.248,19,31,0,0,4,57,12
¤ì‚¬62ab37ab,4.248,,,,0,0,,0
¤ì‚¬62ab37ba,4.248,,,,0,0,,0
¤ì‚¬62ab37bb,3.844,,,,0,0,,0
¤ì‚¬62ab38aa,4.46,,,,0,0,,0
¤ì‚¬62ba27bb,3.444,,,,0,0,,0
¤ì‚¬62ba28aa,5.45,0,0,,0,0,0,0
¤ì‚¬62ba28ab,5.45,0,0,0,0,0,6,1
¤ì‚¬62ba28ba,3.272,0,0,,0,0,0,0
¤ì‚¬62ba28bb,3.832,,,,0,0,,0
¤ì‚¬62ba29aa,3.832,,,,0,0,,0
¤ì‚¬62ba29ab,4.203,,,,0,0,,0
¤ì‚¬62ba29ba,4.203,,,,0,0,,0
¤ì‚¬62ba29bb,4.203,,,,0,0,,0
¤ì‚¬62ba30aa,2.949,,,,0,0,,0
¤ì‚¬62ba30ab,2.949,,0,,0,0,0,0
¤ì‚¬62ba30ba,3.055,14,17,0,0,0,31,0
¤ì‚¬62ba30bb,3.055,0,11,0,0,0,26,0
¤ì‚¬62ba31aa,3.055,10,15,0,0,0,22,2
¤ì‚¬62ba31ab,1.506,,,,0,0,,0
¤ì‚¬62ba31ba,1.506,,,,0,0,,0
¤ì‚¬62ba31bb,0.892,,,,0,0,,0
¤ì‚¬62ba32aa,0.892,,,,0,0,,0
¤ì‚¬62ba32ab,0.892,32,202,89,5,0,412,0
¤ì‚¬62ba32ba,0.525,81,263,49,11,0,519,0
¤ì‚¬62ba32bb,18.176,101,290,49,11,0,598,0
¤ì‚¬62ba33aa,18.176,26,61,12,4,0,120,0
¤ì‚¬62ba33ab,18.176,,,,0,0,,0
¤ì‚¬62ba33ba,19.175,,,,0,0,,0
¤ì‚¬62ba33bb,3.182,,,,0,0,,0
¤ì‚¬62ba34aa,3.182,,,,0,0,,0
¤ì‚¬62ba34ab,5.22,,,,0,0,,0
¤ì‚¬62ba34ba,5.22,0,0,,0,1,0,1
¤ì‚¬62ba34bb,5.22,,,,0,0,,0
¤ì‚¬62ba35aa,5.588,,,,0,0,,0
¤ì‚¬62ba35ab,4.883,14,39,0,0,2,74,3
¤ì‚¬62ba35ba,4.883,16,21,0,1,10,43,6
¤ì‚¬62ba35bb,4.883,,,,0,1,0,1
¤ì‚¬62ba36aa,7.069,,,,0,1,,0
¤ì‚¬62ba36ab,7.069,,,,0,0,,0
¤ì‚¬62ba36ba,3.579,,,,0,0,,0
¤ì‚¬62ba36bb,3.315,,,,0,0,,0
¤ì‚¬62ba37aa,4.248,,,,0,0,,0
¤ì‚¬62ba37ab,4.248,,,,0,0,,0
¤ì‚¬62ba37ba,4.248,,,,0,0,,1
¤ì‚¬62ba37bb,3.844,,,,0,0,,0
¤ì‚¬62ba38aa,4.46,,,,0,0,,0
¤ì‚¬62bb27bb,3.444,,,,0,0,,0
¤ì‚¬62bb28aa,2.882,8,14,,0,5,24,9
¤ì‚¬62bb28ab,2.799,0,0,,0,0,0,2
¤ì‚¬62bb28ba,3.272,,,,0,0,,0
¤ì‚¬62bb28bb,3.272,0,7,,1,8,13,4
¤ì‚¬62bb29aa,3.272,8,12,0,0,5,21,3
¤ì‚¬62bb29ab,4.203,,,,0,0,,0
¤ì‚¬62bb29ba,4.203,,,,0,0,,0
¤ì‚¬62bb29bb,4.203,,,,0,0,,0
¤ì‚¬62bb30aa,2.949,,,,0,0,,0
¤ì‚¬62bb30ab,2.949,,,,0,0,,0
¤ì‚¬62bb30ba,3.055,,,,0,0,,0
¤ì‚¬62bb30bb,3.055,,,,0,0,,0
¤ì‚¬62bb31aa,3.055,,,,0,0,,0
¤ì‚¬62bb31ab,3.518,,,,0,0,,0
¤ì‚¬62bb31ba,3.518,,7,,0,0,7,0
¤ì‚¬62bb31bb,1.181,,,,0,0,,0
¤ì‚¬62bb32aa,1.181,,0,0,1,0,7,0
¤ì‚¬62bb32ab,1.181,34,203,50,4,0,377,0
¤ì‚¬62bb32ba,0.294,40,175,41,6,0,343,0
¤ì‚¬62bb32bb,0.53,16,59,8,4,0,114,0
¤ì‚¬62bb33aa,5.4,8,19,,0,0,36,0
¤ì‚¬62bb33ab,5.4,,,,0,0,,0
¤ì‚¬62bb33ba,19.175,,,,0,0,,0
¤ì‚¬62bb33bb,19.175,,,,0,0,,0
¤ì‚¬62bb34aa,4.079,,0,,0,1,0,1
¤ì‚¬62bb34ab,4.079,0,0,,0,5,9,0
¤ì‚¬62bb34ba,4.169,,,,0,0,,0
¤ì‚¬62bb34bb,4.105,,,,0,0,,0
¤ì‚¬62bb35aa,4.105,,,,0,7,,0
¤ì‚¬62bb35ab,4.883,8,21,,1,23,42,5
¤ì‚¬62bb35ba,4.883,0,6,0,0,19,10,1
¤ì‚¬62bb35bb,4.883,,,,0,0,,0
¤ì‚¬62bb36aa,7.437,,,,0,0,,0
¤ì‚¬62bb36ab,7.069,,,,0,0,,0
¤ì‚¬62bb36ba,3.579,,,,0,0,,0
¤ì‚¬62bb36bb,3.315,0,0,,0,1,0,1
¤ì‚¬62bb37aa,3.315,,,,0,0,,0
¤ì‚¬62bb37ab,3.844,,,,0,1,,1
¤ì‚¬62bb37ba,3.844,,,,0,0,,0
¤ì‚¬62bb37bb,3.844,,,,0,0,,0
¤ì‚¬62bb38aa,3.995,,,,0,0,,0
¤ì‚¬63aa28aa,2.882,0,0,,0,3,0,1
¤ì‚¬63aa28ab,2.799,0,6,,0,0,22,0
¤ì‚¬63aa28ba,3.083,0,8,0,0,10,19,1
¤ì‚¬63aa28bb,3.083,0,0,0,0,4,10,1
¤ì‚¬63aa29aa,3.011,,,,0,0,,0
¤ì‚¬63aa29ab,3.317,,,,0,0,,0
¤ì‚¬63aa29ba,3.489,,,,0,0,,0
¤ì‚¬63aa29bb,3.129,,,,0,0,,0
¤ì‚¬63aa30aa,3.133,,,,0,0,,0
¤ì‚¬63aa30ab,3.133,,,,0,0,,0
¤ì‚¬63aa30ba,3.133,,,,0,0,,0
¤ì‚¬63aa30bb,4.863,,,,0,0,,0
¤ì‚¬63aa31aa,3.873,,,,0,0,,0
¤ì‚¬63aa31ab,3.518,,,,0,0,,0
¤ì‚¬63aa31ba,3.518,,,,0,0,,12
¤ì‚¬63aa31bb,1.181,,,,0,0,,0
¤ì‚¬63aa32aa,1.181,8,33,0,2,0,63,0
¤ì‚¬63aa32ab,1.181,54,219,74,11,0,444,0
¤ì‚¬63aa32ba,0.477,23,101,19,7,0,197,0
¤ì‚¬63aa32bb,0.53,13,41,13,0,0,79,0
¤ì‚¬63aa33aa,5.4,,,,0,0,,0
¤ì‚¬63aa33ab,5.4,,,,0,0,,0
¤ì‚¬63aa33ba,5.03,,,,0,2,,0
¤ì‚¬63aa33bb,19.175,,,,0,10,,0
¤ì‚¬63aa34aa,4.079,0,0,,1,14,0,9
¤ì‚¬63aa34ab,4.079,,,,0,2,,0
¤ì‚¬63aa34ba,3.566,,,,0,1,,0
¤ì‚¬63aa34bb,4.105,,,,0,0,,1
¤ì‚¬63aa35aa,4.105,,,,0,0,,0
¤ì‚¬63aa35ab,4.105,,,,0,0,,0
¤ì‚¬63aa35ba,7.437,,,,0,0,,0
¤ì‚¬63aa35bb,7.437,,,,0,0,,0
¤ì‚¬63aa36aa,7.437,,,,0,0,,0
¤ì‚¬63aa36ab,7.069,,,,0,0,,0
¤ì‚¬63aa36ba,3.039,,,,0,0,,0
¤ì‚¬63aa36bb,1.724,,,,0,1,,0
¤ì‚¬63aa37aa,1.724,,,,1,3,,0
¤ì‚¬63aa37ab,1.724,31,62,9,0,11,119,15
¤ì‚¬63aa37ba,3.008,,,,0,0,,0
¤ì‚¬63aa37bb,3.008,,,,0,0,,0
¤ì‚¬63aa38aa,3.995,,,,0,0,,0
¤ì‚¬63aa38ab,13.893,,,,0,0,,0
¤ì‚¬63ab27bb,3.005,,,,0,0,,0
¤ì‚¬63ab28aa,3.271,,,,0,6,,1
¤ì‚¬63ab28ab,2.799,0,7,0,0,4,12,4
¤ì‚¬63ab28ba,3.35,,,,0,0,,0
¤ì‚¬63ab28bb,3.35,,,,0,0,,0
¤ì‚¬63ab29aa,3.35,,,,0,0,,0
¤ì‚¬63ab29ab,3.317,,,,0,0,,0
¤ì‚¬63ab29ba,3.579,,,,0,0,,0
¤ì‚¬63ab29bb,4.734,,,,0,0,,0
¤ì‚¬63ab30aa,4.723,,,,0,0,,0
¤ì‚¬63ab30ab,4.723,,,,0,0,,0
¤ì‚¬63ab30ba,4.723,,,,0,0,,0
¤ì‚¬63ab30bb,4.635,,,,0,0,,0
¤ì‚¬63ab31aa,4.813,,,,0,0,,0
¤ì‚¬63ab31ab,3.518,,,,0,0,,0
¤ì‚¬63ab31ba,3.518,,9,,0,0,9,0
¤ì‚¬63ab31bb,1.181,35,76,20,0,0,144,0
¤ì‚¬63ab32aa,1.181,153,962,322,1,0,1906,0
¤ì‚¬63ab32ab,1.181,109,516,126,2,0,994,0
¤ì‚¬63ab32ba,0.477,101,406,88,1,0,806,0
¤ì‚¬63ab32bb,1.023,,,,0,0,,0
¤ì‚¬63ab33aa,1.023,,,,0,0,,0
¤ì‚¬63ab33ab,1.196,,,,0,0,,0
¤ì‚¬63ab33ba,1.78,,,,0,0,,0
¤ì‚¬63ab33bb,4.592,,,,0,4,,3
¤ì‚¬63ab34aa,4.079,,,,0,5,,3
¤ì‚¬63ab34ab,3.423,,0,,0,1,0,0
¤ì‚¬63ab34ba,3.423,,0,,0,8,0,21
¤ì‚¬63ab34bb,4.105,,0,,1,1,0,1
¤ì‚¬63ab35aa,4.105,,,,0,0,,0
¤ì‚¬63ab35ab,4.105,,,,0,0,,0
¤ì‚¬63ab35ba,7.437,,,,0,0,,0
¤ì‚¬63ab35bb,7.437,,,,0,0,,0
¤ì‚¬63ab36aa,7.437,,,,0,0,,0
¤ì‚¬63ab36ab,3.178,,,,0,0,,0
¤ì‚¬63ab36ba,3.039,,,,0,0,,0
¤ì‚¬63ab36bb,1.724,,,,0,0,,0
¤ì‚¬63ab37aa,1.724,,,,0,0,,0
¤ì‚¬63ab37ab,1.724,11,33,0,2,9,61,5
¤ì‚¬63ab37ba,3.008,,,,0,0,,0
¤ì‚¬63ab37bb,3.008,,,,0,0,,0
¤ì‚¬63ab38aa,13.893,,,,0,0,,0
¤ì‚¬63ab38ab,13.893,,,,0,0,,0
¤ì‚¬63ba27ba,2.731,,,,0,0,,0
¤ì‚¬63ba27bb,3.005,,,,0,3,,0
¤ì‚¬63ba28aa,2.958,,,,0,6,,0
¤ì‚¬63ba28ab,2.389,,,,0,0,,0
¤ì‚¬63ba28ba,3.35,,,,0,0,,0
¤ì‚¬63ba28bb,3.35,,,,0,0,,0
¤ì‚¬63ba29aa,3.35,,,,0,0,,0
¤ì‚¬63ba29ab,3.317,,,,0,0,,0
¤ì‚¬63ba29ba,4.808,0,0,,0,7,8,0
¤ì‚¬63ba29bb,4.247,,,,0,0,,0
¤ì‚¬63ba30aa,4.723,,,,0,0,,0
¤ì‚¬63ba30ab,4.723,,,,0,0,,0
¤ì‚¬63ba30ba,4.723,,,,0,0,,0
¤ì‚¬63ba30bb,4.635,,,,0,0,,0
¤ì‚¬63ba31aa,4.813,,,,0,0,,0
¤ì‚¬63ba31ab,2.162,,,,0,0,,0
¤ì‚¬63ba31ba,2.162,10,19,6,0,0,40,2
¤ì‚¬63ba31bb,3.025,0,0,,1,0,0,0
¤ì‚¬63ba32aa,1.59,256,1353,462,0,0,2651,0
¤ì‚¬63ba32ab,1.337,0,34,0,3,11,68,0
¤ì‚¬63ba32ba,1.337,33,121,19,5,4,237,0
¤ì‚¬63ba32bb,2.756,,,,0,0,,0
¤ì‚¬63ba33aa,2.756,,,,0,0,,0
¤ì‚¬63ba33ab,2.508,,,,0,0,,0
¤ì‚¬63ba33ba,2.508,,,,0,0,,0
¤ì‚¬63ba33bb,2.508,21,58,11,0,0,110,0
¤ì‚¬63ba34aa,2.926,,,,0,2,,0
¤ì‚¬63ba34ab,3.423,0,0,0,0,12,6,3
¤ì‚¬63ba34ba,3.423,,,,0,3,0,3
¤ì‚¬63ba34bb,3.423,,,,0,11,,0
¤ì‚¬63ba35aa,14.948,,,,0,0,,0
¤ì‚¬63ba35ab,14.948,,,,0,0,,0
¤ì‚¬63ba35ba,2.543,,,,0,0,,0
¤ì‚¬63ba35bb,4.907,,,,0,0,,0
¤ì‚¬63ba36aa,6.027,,,,0,0,,0
¤ì‚¬63ba36ab,6.027,,,,0,0,,0
¤ì‚¬63ba36ba,1.452,,,,0,0,,0
¤ì‚¬63ba36bb,1.724,,,,0,0,,0
¤ì‚¬63ba37aa,1.724,0,6,,0,0,15,5
¤ì‚¬63ba37ab,1.724,0,0,0,0,0,0,2
¤ì‚¬63ba37ba,2.58,,0,,0,1,0,0
¤ì‚¬63ba37bb,13.893,,,,0,2,,0
¤ì‚¬63ba38aa,13.893,,,,0,0,,0
¤ì‚¬63ba38ab,13.893,,,,0,0,,0
¤ì‚¬63ba38ba,14.044,,,,0,0,,0
¤ì‚¬63ba38bb,3.594,,,,0,0,,0
¤ì‚¬63ba39aa,3.594,,,,0,0,,0
¤ì‚¬63bb27ab,2.731,,,,0,0,,0
¤ì‚¬63bb27ba,2.731,,,,0,9,,0
¤ì‚¬63bb27bb,2.821,,0,,0,2,0,1
¤ì‚¬63bb28aa,2.311,,,,0,0,,0
¤ì‚¬63bb28ab,2.389,,,,1,0,,0
¤ì‚¬63bb28ba,3.35,,,,0,0,,0
¤ì‚¬63bb28bb,3.35,,,,0,0,,0
¤ì‚¬63bb29aa,3.35,,,,0,0,,0
¤ì‚¬63bb29ab,3.5,,0,,0,4,0,0
¤ì‚¬63bb29ba,4.27,0,0,,0,1,11,0
¤ì‚¬63bb29bb,4.021,,,,0,0,,0
¤ì‚¬63bb30aa,4.021,68,107,10,1,4,188,11
¤ì‚¬63bb30ab,4.021,37,59,0,0,4,112,7
¤ì‚¬63bb30ba,4.635,,,,0,0,,0
¤ì‚¬63bb30bb,4.635,,,,0,0,,0
¤ì‚¬63bb31aa,4.813,,,,0,0,,0
¤ì‚¬63bb31ab,3.272,,,,11,0,,0
¤ì‚¬63bb31ba,2.162,7,11,0,0,0,22,3
¤ì‚¬63bb31bb,3.025,,,,2,0,,0
¤ì‚¬63bb32aa,1.074,192,993,416,2,0,1930,0
¤ì‚¬63bb32ab,1.337,,,,10,13,0,0
¤ì‚¬63bb32ba,2.849,,,,3,4,,0
¤ì‚¬63bb32bb,2.756,,,,1,0,,0
¤ì‚¬63bb33aa,2.291,,0,,0,0,0,0
¤ì‚¬63bb33ab,2.291,128,292,73,3,7,595,0
¤ì‚¬63bb33ba,2.291,115,238,60,2,1,469,0
¤ì‚¬63bb33bb,3.781,57,184,46,1,4,356,0
¤ì‚¬63bb34aa,3.781,,,,0,0,,0
¤ì‚¬63bb34ab,3.781,,,,1,2,,0
¤ì‚¬63bb34ba,3.423,10,14,0,0,0,28,4
¤ì‚¬63bb34bb,3.423,,,,0,0,,0
¤ì‚¬63bb35aa,15.206,,,,0,0,,0
¤ì‚¬63bb35ab,15.206,,,,0,0,,0
¤ì‚¬63bb35ba,2.543,,,,0,0,,0
¤ì‚¬63bb35bb,1.921,,,,0,0,,0
¤ì‚¬63bb36aa,1.921,0,0,,0,1,0,0
¤ì‚¬63bb36ab,1.601,,,,0,0,,0
¤ì‚¬63bb36ba,1.452,0,0,,0,0,0,1
¤ì‚¬63bb36bb,1.452,,,,0,0,,0
¤ì‚¬63bb37aa,1.452,,,,0,0,,0
¤ì‚¬63bb37ab,10.763,,,,0,0,,0
¤ì‚¬63bb37ba,1.825,,,,0,1,,1
¤ì‚¬63bb37bb,1.825,,,,0,0,,0
¤ì‚¬63bb38aa,1.825,,,,0,0,,0
¤ì‚¬63bb38ab,14.044,,,,0,0,,0
¤ì‚¬63bb38ba,14.044,,,,0,0,,0
¤ì‚¬63bb38bb,3.594,,,,0,4,,0
¤ì‚¬63bb39aa,3.594,,,,0,0,,0
¤ì‚¬63bb39ab,3.594,,,,0,0,,0
¤ì‚¬63bb39ba,15.177,,,,0,0,,0
¤ì‚¬64aa27ab,2.453,,,,0,0,,0
¤ì‚¬64aa27ba,2.473,,,,0,0,,0
¤ì‚¬64aa27bb,2.978,,,,0,0,,0
¤ì‚¬64aa28aa,2.311,,,,0,0,,0
¤ì‚¬64aa28ab,2.389,,,,0,0,,0
¤ì‚¬64aa28ba,2.389,,,,0,0,,0
¤ì‚¬64aa28bb,2.389,15,12,,0,0,27,0
¤ì‚¬64aa29aa,3.5,,,,0,0,,0
¤ì‚¬64aa29ab,3.5,0,12,0,0,4,22,6
¤ì‚¬64aa29ba,4.27,0,7,0,0,4,14,0
¤ì‚¬64aa29bb,4.021,,,,0,0,,0
¤ì‚¬64aa30aa,4.021,23,67,8,1,3,125,7
¤ì‚¬64aa30ab,4.021,17,34,0,0,3,77,2
¤ì‚¬64aa30ba,4.106,,,,0,0,,0
¤ì‚¬64aa30bb,4.106,,,,0,0,,0
¤ì‚¬64aa31aa,3.545,,,,0,0,,0
¤ì‚¬64aa31ab,3.272,0,0,,0,0,0,0
¤ì‚¬64aa31ba,2.962,0,0,,0,0,0,4
¤ì‚¬64aa31bb,2.755,,,,0,0,,0
¤ì‚¬64aa32aa,2.157,49,615,352,1,0,1173,0
¤ì‚¬64aa32ab,2.306,132,846,350,2,8,1647,0
¤ì‚¬64aa32ba,2.849,,,,0,0,,0
¤ì‚¬64aa32bb,2.849,32,106,33,0,0,208,0
¤ì‚¬64aa33aa,2.291,117,371,104,0,0,706,0
¤ì‚¬64aa33ab,2.291,187,692,252,2,1,1361,0
¤ì‚¬64aa33ba,6.734,55,211,54,5,13,441,0
¤ì‚¬64aa33bb,6.734,18,123,33,15,14,224,0
¤ì‚¬64aa34aa,6.734,,,,0,0,,0
¤ì‚¬64aa34ab,3.781,,0,,0,1,0,3
¤ì‚¬64aa34ba,2.647,,,,0,1,,1
¤ì‚¬64aa34bb,3.077,,,,0,0,,0
¤ì‚¬64aa35aa,2.994,,,,0,0,,0
¤ì‚¬64aa35ab,2.667,,,,0,0,,0
¤ì‚¬64aa35ba,2.667,,,,0,0,,0
¤ì‚¬64aa35bb,1.963,,,,0,0,,0
¤ì‚¬64aa36aa,1.963,0,0,,0,2,0,0
¤ì‚¬64aa36ab,0.525,0,0,,0,3,10,1
¤ì‚¬64aa36ba,0.525,68,394,114,0,0,773,0
¤ì‚¬64aa36bb,1.453,143,785,373,0,0,1575,0
¤ì‚¬64aa37aa,1.453,,0,,0,1,0,0
¤ì‚¬64aa37ab,1.453,,,,0,0,,0
¤ì‚¬64aa37ba,1.825,14,13,0,1,7,31,1
¤ì‚¬64aa37bb,1.825,,,,0,0,,0
¤ì‚¬64aa38aa,1.825,,,,0,0,,0
¤ì‚¬64aa38ab,5.611,,,,0,0,,0
¤ì‚¬64aa38ba,13.961,,,,0,0,,0
¤ì‚¬64aa38bb,3.594,,,,0,0,0,1
¤ì‚¬64aa39aa,3.594,,,,0,4,,0
¤ì‚¬64aa39ab,3.594,,,,0,0,,0
¤ì‚¬64aa39ba,15.177,,,,0,0,,0
¤ì‚¬64aa39bb,4.057,,,,0,0,,0
¤ì‚¬64ab27aa,2.419,,,,0,0,,0
¤ì‚¬64ab27ab,1.803,27,43,0,0,4,95,4
¤ì‚¬64ab27ba,3.31,15,38,6,1,0,78,2
¤ì‚¬64ab27bb,1.49,,,,0,0,,0
¤ì‚¬64ab28aa,1.273,,,,0,0,,0
¤ì‚¬64ab28ab,1.809,,,,0,0,,0
¤ì‚¬64ab28ba,1.809,0,0,,0,0,0,0
¤ì‚¬64ab28bb,2.319,194,268,27,1,0,490,0
¤ì‚¬64ab29aa,2.319,52,49,0,0,0,89,0
¤ì‚¬64ab29ab,2.802,79,136,18,2,11,269,24
¤ì‚¬64ab29ba,3.046,49,52,8,0,0,110,1
¤ì‚¬64ab29bb,3.046,0,0,,0,0,0,0
¤ì‚¬64ab30aa,3.046,64,154,25,1,6,318,10
¤ì‚¬64ab30ab,4.021,76,97,14,0,0,179,11
¤ì‚¬64ab30ba,4.106,0,,,0,0,0,0
¤ì‚¬64ab30bb,4.106,,,,0,0,,0
¤ì‚¬64ab31aa,3.437,,,,0,0,,0
¤ì‚¬64ab31ab,3.272,0,7,0,0,0,11,3
¤ì‚¬64ab31ba,2.962,0,0,,0,0,0,0
¤ì‚¬64ab31bb,2.813,0,13,0,1,3,25,0
¤ì‚¬64ab32aa,2.157,19,221,121,2,7,433,0
¤ì‚¬64ab32ab,27.247,90,600,245,3,0,1179,0
¤ì‚¬64ab32ba,27.247,98,488,189,2,43,980,0
¤ì‚¬64ab32bb,27.247,70,294,122,2,5,577,0
¤ì‚¬64ab33aa,31.435,17,109,41,2,14,224,0
¤ì‚¬64ab33ab,16.9,32,213,84,10,24,436,0
¤ì‚¬64ab33ba,6.734,19,154,50,3,17,332,0
¤ì‚¬64ab33bb,6.734,0,20,8,0,1,39,0
¤ì‚¬64ab34aa,6.734,,,,2,0,,0
¤ì‚¬64ab34ab,2.229,,0,0,0,3,0,6
¤ì‚¬64ab34ba,2.59,40,63,0,1,13,128,29
¤ì‚¬64ab34bb,2.406,34,169,18,0,0,344,0
¤ì‚¬64ab35aa,2.719,,,,0,1,,0
¤ì‚¬64ab35ab,2.667,,,,0,0,,0
¤ì‚¬64ab35ba,2.667,,,,0,0,,0
¤ì‚¬64ab35bb,1.963,6,0,,0,0,8,2
¤ì‚¬64ab36aa,1.963,13,15,,0,0,27,5
¤ì‚¬64ab36ab,0.525,41,153,29,0,0,288,0
¤ì‚¬64ab36ba,0.525,104,732,240,0,0,1435,0
¤ì‚¬64ab36bb,1.453,210,1008,334,0,0,2026,0
¤ì‚¬64ab37aa,1.453,0,7,0,0,1,14,1
¤ì‚¬64ab37ab,1.453,11,14,0,0,6,32,2
¤ì‚¬64ab37ba,1.825,25,37,9,1,9,74,5
¤ì‚¬64ab37bb,1.825,,,,0,0,,0
¤ì‚¬64ab38aa,1.825,,,,0,0,,0
¤ì‚¬64ab38ab,5.333,,,,0,1,,0
¤ì‚¬64ab38ba,14.554,,,,0,0,,0
¤ì‚¬64ab38bb,14.554,6,11,0,0,2,17,1
¤ì‚¬64ab39aa,14.554,17,36,6,0,8,62,3
¤ì‚¬64ab39ab,2.864,,,,0,0,,0
¤ì‚¬64ab39ba,3.458,,,,0,0,,0
¤ì‚¬64ab39bb,4.057,,,,0,0,,0
¤ì‚¬64ba27aa,2.419,,,,0,0,,0
¤ì‚¬64ba27ab,1.803,73,117,6,3,1,284,21
¤ì‚¬64ba27ba,10.222,34,87,0,1,1,181,13
¤ì‚¬64ba27bb,1.49,,,,0,0,,0
¤ì‚¬64ba28aa,9.545,0,0,,0,0,0,1
¤ì‚¬64ba28ab,1.809,,0,,0,0,0,1
¤ì‚¬64ba28ba,1.809,,,,0,0,,3
¤ì‚¬64ba28bb,2.319,106,157,21,0,1,277,4
¤ì‚¬64ba29aa,2.319,0,0,0,0,0,9,10
¤ì‚¬64ba29ab,7.616,27,46,,1,9,85,5
¤ì‚¬64ba29ba,3.046,,0,,0,0,0,5
¤ì‚¬64ba29bb,3.046,0,0,,0,1,7,2
¤ì‚¬64ba30aa,3.046,166,382,49,2,14,785,19
¤ì‚¬64ba30ab,6.123,79,215,35,1,7,419,16
¤ì‚¬64ba30ba,4.106,,0,,0,0,0,2
¤ì‚¬64ba30bb,4.106,8,28,7,1,1,50,8
¤ì‚¬64ba31aa,3.437,29,88,19,1,14,192,9
¤ì‚¬64ba31ab,3.134,,,,1,0,0,0
¤ì‚¬64ba31ba,4.119,,,,0,0,,1
¤ì‚¬64ba31bb,3.42,0,21,6,3,5,44,2
¤ì‚¬64ba32aa,3.42,13,90,32,3,11,168,0
¤ì‚¬64ba32ab,3.42,36,196,66,11,14,369,0
¤ì‚¬64ba32ba,2.718,26,132,31,6,11,257,0
¤ì‚¬64ba32bb,2.48,12,77,28,4,9,162,0
¤ì‚¬64ba33aa,2.418,10,76,26,2,6,146,0
¤ì‚¬64ba33ab,1.896,,,,0,0,,0
¤ì‚¬64ba33ba,1.896,,,,1,0,,0
¤ì‚¬64ba33bb,1.84,0,64,0,2,0,148,0
¤ì‚¬64ba34aa,6.734,,,,0,0,,0
¤ì‚¬64ba34ab,4.915,,,,0,0,,3
¤ì‚¬64ba34ba,4.915,,,,1,1,,4
¤ì‚¬64ba34bb,2.406,28,59,11,0,0,112,17
¤ì‚¬64ba35aa,2.202,,0,,0,0,0,4
¤ì‚¬64ba35ab,2.202,,,,0,0,,5
¤ì‚¬64ba35ba,1.963,17,22,0,0,0,40,3
¤ì‚¬64ba35bb,1.963,16,28,0,2,2,57,14
¤ì‚¬64ba36aa,1.963,58,207,58,1,0,417,11
¤ì‚¬64ba36ab,1.185,51,207,61,2,0,434,0
¤ì‚¬64ba36ba,0.718,75,319,65,0,0,608,0
¤ì‚¬64ba36bb,1.453,366,701,100,0,0,1333,0
¤ì‚¬64ba37aa,1.453,44,96,7,0,0,201,1
¤ì‚¬64ba37ab,1.453,0,6,,0,1,13,0
¤ì‚¬64ba37ba,0.786,,,,0,5,,0
¤ì‚¬64ba37bb,1.374,,,,0,0,,0
¤ì‚¬64ba38aa,2.309,0,0,,0,0,0,0
¤ì‚¬64ba38ab,2.064,8,8,,1,9,16,2
¤ì‚¬64ba38ba,2.064,0,0,,0,0,0,1
¤ì‚¬64ba38bb,2.064,18,39,9,0,1,77,1
¤ì‚¬64ba39aa,2.579,88,202,31,1,25,413,14
¤ì‚¬64ba39ab,2.579,6,12,,1,1,24,3
¤ì‚¬64ba39ba,3.458,12,14,0,0,3,41,3
¤ì‚¬64ba39bb,4.057,,,,0,0,,0
¤ì‚¬64ba40aa,2.67,,,,0,0,,0
¤ì‚¬64bb26ba,1.919,,,,0,0,,0
¤ì‚¬64bb26bb,1.919,,,,0,0,,2
¤ì‚¬64bb27aa,2.103,,,,0,0,,0
¤ì‚¬64bb27ab,1.566,0,0,,0,2,0,0
¤ì‚¬64bb27ba,0.358,,,,0,10,,1
¤ì‚¬64bb27bb,0.358,,,,0,0,,0
¤ì‚¬64bb28aa,0.358,0,0,,0,0,7,1
¤ì‚¬64bb28ab,0.134,0,0,,0,0,0,5
¤ì‚¬64bb28ba,1.809,,0,,0,0,0,3
¤ì‚¬64bb28bb,2.319,0,0,,0,0,0,3
¤ì‚¬64bb29aa,2.319,0,6,0,0,0,8,7
¤ì‚¬64bb29ab,7.616,,,,2,0,0,3
¤ì‚¬64bb29ba,3.046,,,,0,0,,1
¤ì‚¬64bb29bb,3.046,0,0,,0,0,0,4
¤ì‚¬64bb30aa,3.046,,,,0,0,0,4
¤ì‚¬64bb30ab,6.123,,,,0,0,,2
¤ì‚¬64bb30ba,3.566,,0,,0,0,0,8
¤ì‚¬64bb30bb,3.437,,,,1,0,,1
¤ì‚¬64bb31aa,3.437,0,,,0,0,0,0
¤ì‚¬64bb31ab,3.134,0,0,,1,0,0,0
¤ì‚¬64bb31ba,4.119,,,,0,0,,0
¤ì‚¬64bb31bb,3.42,,,,1,0,,0
¤ì‚¬64bb32aa,3.42,,,,0,0,,0
¤ì‚¬64bb32ab,2.522,,,,0,0,,0
¤ì‚¬64bb32ba,2.096,,,,1,0,,0
¤ì‚¬64bb32bb,2.096,,,,0,0,,0
¤ì‚¬64bb33aa,2.096,,,,0,0,,0
¤ì‚¬64bb33ab,1.896,,,,1,0,,0
¤ì‚¬64bb33ba,1.896,,,,2,0,,0
¤ì‚¬64bb33bb,1.84,,,,1,0,,0
¤ì‚¬64bb34aa,5.279,,,,0,0,,0
¤ì‚¬64bb34ab,5.279,,,,0,0,,0
¤ì‚¬64bb34ba,5.279,,,,0,0,,0
¤ì‚¬64bb34bb,2.344,15,27,0,0,0,50,6
¤ì‚¬64bb35aa,2.344,,0,,0,1,0,0
¤ì‚¬64bb35ab,2.202,,,,0,1,0,3
¤ì‚¬64bb35ba,2.089,0,0,,0,2,11,7
¤ì‚¬64bb35bb,1.276,12,27,0,2,2,60,12
¤ì‚¬64bb36aa,1.591,8,0,,1,2,14,3
¤ì‚¬64bb36ab,1.591,15,16,0,1,1,35,6
¤ì‚¬64bb36ba,1.591,84,169,23,4,14,355,23
¤ì‚¬64bb36bb,1.374,0,10,,0,0,18,2
¤ì‚¬64bb37aa,0.786,0,0,,0,0,0,0
¤ì‚¬64bb37ab,0.786,0,0,,1,1,8,2
¤ì‚¬64bb37ba,0.786,,,,0,0,,0
¤ì‚¬64bb37bb,2.609,,0,,0,0,0,0
¤ì‚¬64bb38aa,2.609,,,,0,0,,0
¤ì‚¬64bb38ab,2.064,,,,0,3,,0
¤ì‚¬64bb38ba,2.064,,,,0,3,,0
¤ì‚¬64bb38bb,2.064,14,40,7,0,0,100,1
¤ì‚¬64bb39aa,2.579,58,103,10,1,9,229,14
¤ì‚¬64bb39ab,2.579,29,71,11,2,10,143,10
¤ì‚¬64bb39ba,3.458,24,74,17,0,6,147,4
¤ì‚¬64bb39bb,3.461,18,45,10,1,9,95,2
¤ì‚¬64bb40aa,2.499,29,74,13,1,8,157,6
¤ì‚¬65aa26ab,12.328,,,,0,0,,0
¤ì‚¬65aa26ba,12.328,,,,0,0,,1
¤ì‚¬65aa26bb,12.328,,,,0,0,,2
¤ì‚¬65aa27aa,1.464,,,,0,0,0,2
¤ì‚¬65aa27ab,1.563,150,355,22,0,0,762,1
¤ì‚¬65aa27ba,0.358,33,141,23,0,0,267,5
¤ì‚¬65aa27bb,0.358,26,83,0,2,0,141,6
¤ì‚¬65aa28aa,0.358,765,2611,450,1,0,4987,11
¤ì‚¬65aa28ab,0.134,437,1611,456,0,0,3050,14
¤ì‚¬65aa28ba,0.649,316,1571,523,1,0,3040,10
¤ì‚¬65aa28bb,0.649,441,1531,419,3,0,2884,20
¤ì‚¬65aa29aa,8.111,209,1066,257,1,0,2009,0
¤ì‚¬65aa29ab,7.616,231,2204,104,0,0,4184,1
¤ì‚¬65aa29ba,6.375,13,41,0,1,0,144,10
¤ì‚¬65aa29bb,6.123,137,1462,58,1,0,2685,8
¤ì‚¬65aa30aa,6.123,401,1296,236,0,0,2404,4
¤ì‚¬65aa30ab,6.123,585,2617,578,1,0,4920,8
¤ì‚¬65aa30ba,5.873,374,1108,337,1,0,2113,0
¤ì‚¬65aa30bb,5.624,188,576,169,0,0,1091,0
¤ì‚¬65aa31aa,4.119,,,,0,0,,0
¤ì‚¬65aa31ab,4.119,,,,0,0,,0
¤ì‚¬65aa31ba,4.119,37,105,30,0,0,212,0
¤ì‚¬65aa31bb,3.42,56,140,35,0,26,290,0
¤ì‚¬65aa32aa,3.42,,,,6,0,,0
¤ì‚¬65aa32ab,2.522,,,,0,0,,0
¤ì‚¬65aa32ba,2.096,,,,2,0,,0
¤ì‚¬65aa32bb,2.096,78,321,58,0,0,612,0
¤ì‚¬65aa33aa,2.096,,,,3,0,,0
¤ì‚¬65aa33ab,1.637,,,,0,0,,0
¤ì‚¬65aa33ba,1.896,0,0,,0,0,0,0
¤ì‚¬65aa33bb,1.84,,15,,0,0,42,0
¤ì‚¬65aa34aa,5.279,,,,2,0,,0
¤ì‚¬65aa34ab,5.279,,,,0,0,,0
¤ì‚¬65aa34ba,5.279,,,,0,0,,0
¤ì‚¬65aa34bb,1.546,,,,0,0,,0
¤ì‚¬65aa35aa,1.546,,,,0,0,,0
¤ì‚¬65aa35ab,1.546,0,0,,0,0,6,0
¤ì‚¬65aa35ba,3.724,10,9,0,0,1,16,1
¤ì‚¬65aa35bb,1.276,48,109,14,1,0,219,16
¤ì‚¬65aa36aa,1.591,0,0,,0,5,7,0
¤ì‚¬65aa36ab,1.591,0,7,0,0,7,16,1
¤ì‚¬65aa36ba,1.591,19,32,11,0,3,81,1
¤ì‚¬65aa36bb,1.178,0,0,,0,0,0,0
¤ì‚¬65aa37aa,1.532,,,,0,0,,0
¤ì‚¬65aa37ab,1.679,,,,0,0,,0
¤ì‚¬65aa37ba,1.679,,,,0,1,,0
¤ì‚¬65aa37bb,1.679,,,,0,0,,0
¤ì‚¬65aa38aa,2.609,,,,0,0,,0
¤ì‚¬65aa38ab,2.064,,,,0,0,,0
¤ì‚¬65aa38ba,2.064,,,,0,0,,0
¤ì‚¬65aa38bb,2.064,0,,,0,2,0,1
¤ì‚¬65aa39aa,2.579,,,,0,0,,1
¤ì‚¬65aa39ab,2.579,23,58,12,0,5,117,10
¤ì‚¬65aa39ba,3.229,78,135,18,2,30,292,22
¤ì‚¬65aa39bb,3.091,14,36,0,0,4,69,2
¤ì‚¬65aa40aa,2.499,97,176,29,4,20,363,25
¤ì‚¬65aa40ab,2.359,,,,0,2,,0
¤ì‚¬65ab26aa,2.341,,,,0,0,,0
¤ì‚¬65ab26ab,2.341,70,198,13,0,0,383,2
¤ì‚¬65ab26ba,2.341,6,17,,2,0,51,5
¤ì‚¬65ab26bb,1.464,59,379,9,1,3,741,6
¤ì‚¬65ab27aa,1.464,,,,0,0,0,1
¤ì‚¬65ab27ab,1.563,91,166,13,1,0,322,29
¤ì‚¬65ab27ba,0.358,191,687,89,4,1,1313,58
¤ì‚¬65ab27bb,0.358,109,642,29,3,0,1129,27
¤ì‚¬65ab28aa,0.358,265,772,97,0,0,1466,16
¤ì‚¬65ab28ab,0.134,506,1101,179,1,0,2081,12
¤ì‚¬65ab28ba,0.649,121,572,185,1,0,1126,8
¤ì‚¬65ab28bb,0.649,134,347,80,1,0,651,2
¤ì‚¬65ab29aa,0.903,116,342,67,0,0,647,7
¤ì‚¬65ab29ab,1.144,69,169,25,0,0,333,2
¤ì‚¬65ab29ba,1.144,38,169,48,2,0,335,4
¤ì‚¬65ab29bb,1.144,24,88,26,2,0,170,1
¤ì‚¬65ab30aa,0.401,111,315,49,1,4,620,18
¤ì‚¬65ab30ab,1.59,,,,0,0,,0
¤ì‚¬65ab30ba,1.59,425,998,202,0,0,1898,1
¤ì‚¬65ab30bb,1.59,251,564,127,0,0,1090,0
¤ì‚¬65ab31aa,1.917,,,,0,0,,0
¤ì‚¬65ab31ab,4.107,,,,0,0,,0
¤ì‚¬65ab31ba,2.956,43,125,28,1,0,244,0
¤ì‚¬65ab31bb,2.956,68,267,51,6,13,497,0
¤ì‚¬65ab32aa,2.956,115,609,164,1,0,1177,0
¤ì‚¬65ab32ab,2.522,134,1152,227,0,0,2283,0
¤ì‚¬65ab32ba,2.096,53,293,74,2,0,607,0
¤ì‚¬65ab32bb,2.096,141,531,66,1,0,1029,0
¤ì‚¬65ab33aa,2.096,82,386,69,1,0,749,0
¤ì‚¬65ab33ab,1.637,,,,3,0,,0
¤ì‚¬65ab33ba,1.346,,,,1,0,,0
¤ì‚¬65ab33bb,1.346,12,179,0,1,0,316,0
¤ì‚¬65ab34aa,5.279,,,,0,0,,0
¤ì‚¬65ab34ab,5.279,,,,0,0,,0
¤ì‚¬65ab34ba,5.279,,,,0,0,,0
¤ì‚¬65ab34bb,1.044,,,,0,0,,0
¤ì‚¬65ab35aa,1.573,0,24,6,0,1,64,2
¤ì‚¬65ab35ab,1.573,0,8,,0,5,14,0
¤ì‚¬65ab35ba,1.573,11,15,,0,9,37,1
¤ì‚¬65ab35bb,2.014,28,63,16,1,0,136,3
¤ì‚¬65ab36aa,1.591,0,0,,0,3,6,0
¤ì‚¬65ab36ab,1.591,7,6,,0,1,16,0
¤ì‚¬65ab36ba,1.591,6,0,,0,1,9,0
¤ì‚¬65ab36bb,1.414,,,,0,0,,0
¤ì‚¬65ab37aa,1.578,,,,0,0,,0
¤ì‚¬65ab37ab,1.807,,,,0,0,,0
¤ì‚¬65ab37ba,1.93,,,,0,0,,0
¤ì‚¬65ab37bb,1.93,,,,0,0,,0
¤ì‚¬65ab38aa,2.038,,,,0,0,,0
¤ì‚¬65ab38ab,2.038,,,,0,0,,0
¤ì‚¬65ab38ba,2.172,,,,0,0,,0
¤ì‚¬65ab38bb,3.524,,,,0,0,,0
¤ì‚¬65ab39aa,3.563,,,,0,0,,0
¤ì‚¬65ab39ab,2.531,,,,0,0,,0
¤ì‚¬65ab39ba,3.22,,,,0,0,,0
¤ì‚¬65ab39bb,2.758,,,,1,0,0,0
¤ì‚¬65ab40aa,2.499,6,12,0,0,2,21,2
¤ì‚¬65ab40ab,2.372,,,,0,0,,0
¤ì‚¬65ba26aa,1.535,,,,0,0,,0
¤ì‚¬65ba26ab,1.387,,,,0,0,,0
¤ì‚¬65ba26ba,1.387,120,461,26,0,0,870,4
¤ì‚¬65ba26bb,1.464,91,286,15,2,6,585,5
¤ì‚¬65ba27aa,1.464,33,40,0,0,0,68,11
¤ì‚¬65ba27ab,1.094,327,767,79,3,16,1467,83
¤ì‚¬65ba27ba,0.844,303,1160,256,1,5,2275,106
¤ì‚¬65ba27bb,0.844,202,617,143,2,1,1277,36
¤ì‚¬65ba28aa,0.844,517,1387,113,2,0,2554,21
¤ì‚¬65ba28ab,0.987,768,1220,90,4,0,2194,16
¤ì‚¬65ba28ba,1.652,101,278,64,0,0,546,9
¤ì‚¬65ba28bb,0.834,,,,0,0,,2
¤ì‚¬65ba29aa,1.184,103,316,38,5,0,673,74
¤ì‚¬65ba29ab,1.184,511,1413,279,0,0,2789,35
¤ì‚¬65ba29ba,1.184,440,1107,271,0,0,2115,16
¤ì‚¬65ba29bb,1.144,371,1617,398,3,0,3139,28
¤ì‚¬65ba30aa,1.45,206,649,62,1,40,1461,149
¤ì‚¬65ba30ab,1.59,137,480,54,4,22,995,94
¤ì‚¬65ba30ba,1.59,230,556,97,0,0,1073,53
¤ì‚¬65ba30bb,1.59,620,1984,275,1,0,3703,12
¤ì‚¬65ba31aa,1.917,198,452,59,1,0,847,5
¤ì‚¬65ba31ab,2.987,,,,0,0,,2
¤ì‚¬65ba31ba,2.624,17,96,14,3,9,196,1
¤ì‚¬65ba31bb,2.624,60,276,63,5,19,529,0
¤ì‚¬65ba32aa,2.624,58,281,77,3,1,572,0
¤ì‚¬65ba32ab,1.964,163,1004,329,1,0,2016,0
¤ì‚¬65ba32ba,1.964,48,234,82,0,0,483,0
¤ì‚¬65ba32bb,1.964,,,,0,0,,0
¤ì‚¬65ba33aa,1.939,0,181,0,3,0,391,0
¤ì‚¬65ba33ab,1.637,0,162,0,1,0,293,0
¤ì‚¬65ba33ba,1.346,0,,,1,0,0,0
¤ì‚¬65ba33bb,1.346,,,,1,0,,0
¤ì‚¬65ba34aa,0.476,37,185,79,0,0,369,0
¤ì‚¬65ba34ab,0.476,7,60,19,0,0,120,0
¤ì‚¬65ba34ba,0.476,,,,0,0,,0
¤ì‚¬65ba34bb,1.044,,0,,0,8,6,0
¤ì‚¬65ba35aa,1.573,49,99,18,0,5,211,15
¤ì‚¬65ba35ab,1.972,30,84,11,1,3,175,5
¤ì‚¬65ba35ba,1.972,7,11,,0,4,24,0
¤ì‚¬65ba35bb,1.972,,,,0,1,,0
¤ì‚¬65ba36aa,2.24,,,,0,1,,0
¤ì‚¬65ba36ab,2.24,0,0,,0,1,0,0
¤ì‚¬65ba36ba,1.777,0,0,,1,2,8,1
¤ì‚¬65ba36bb,1.414,,,,0,0,,0
¤ì‚¬65ba37aa,1.578,,,,0,0,,0
¤ì‚¬65ba37ab,1.807,,,,0,0,,0
¤ì‚¬65ba37ba,1.82,,,,0,0,,0
¤ì‚¬65ba37bb,1.82,,,,0,0,,0
¤ì‚¬65ba38aa,1.82,,,,0,0,,0
¤ì‚¬65ba38ab,2.038,,,,0,0,,0
¤ì‚¬65ba38ba,2.172,,,,0,0,,0
¤ì‚¬65ba38bb,3.524,,,,0,0,,0
¤ì‚¬65ba39aa,3.563,,,,0,0,,0
¤ì‚¬65ba39ab,3.477,,,,0,0,,0
¤ì‚¬65ba39ba,3.22,,,,0,0,,0
¤ì‚¬65ba39bb,1.897,,,,0,0,,0
¤ì‚¬65ba40aa,1.782,,,,0,0,,0
¤ì‚¬65ba40ab,2.372,,,,0,0,,0
¤ì‚¬65bb26aa,0.969,,,,0,0,,0
¤ì‚¬65bb26ab,0.969,328,911,217,1,0,1799,18
¤ì‚¬65bb26ba,0.377,428,1474,370,1,0,2807,29
¤ì‚¬65bb26bb,0.377,156,597,139,0,0,1186,6
¤ì‚¬65bb27aa,0.914,91,193,28,0,0,376,13
¤ì‚¬65bb27ab,1.094,596,963,55,3,0,1775,21
¤ì‚¬65bb27ba,1.455,348,898,236,2,0,1761,10
¤ì‚¬65bb27bb,1.508,426,1194,259,0,0,2263,20
¤ì‚¬65bb28aa,1.508,389,1211,119,0,0,2128,16
¤ì‚¬65bb28ab,1.508,225,500,75,2,0,955,8
¤ì‚¬65bb28ba,1.652,,,,0,0,,0
¤ì‚¬65bb28bb,1.06,,,,1,0,,5
¤ì‚¬65bb29aa,1.184,127,526,135,1,0,1000,67
¤ì‚¬65bb29ab,1.184,161,627,158,2,0,1204,31
¤ì‚¬65bb29ba,1.184,274,1168,313,1,0,2257,32
¤ì‚¬65bb29bb,1.153,461,1104,192,1,0,2134,17
¤ì‚¬65bb30aa,1.45,289,544,36,0,6,1124,78
¤ì‚¬65bb30ab,1.59,161,533,40,2,30,1135,134
¤ì‚¬65bb30ba,1.59,276,1015,216,2,4,1936,43
¤ì‚¬65bb30bb,1.59,310,961,151,0,0,1736,36
¤ì‚¬65bb31aa,1.83,127,443,25,5,0,806,15
¤ì‚¬65bb31ab,2.987,0,9,,0,0,33,4
¤ì‚¬65bb31ba,2.624,,,,0,0,,1
¤ì‚¬65bb31bb,2.624,26,150,23,3,18,308,0
¤ì‚¬65bb32aa,2.624,73,258,53,10,11,512,0
¤ì‚¬65bb32ab,1.964,510,1451,411,0,0,2660,0
¤ì‚¬65bb32ba,1.964,429,1632,441,0,0,3154,0
¤ì‚¬65bb32bb,1.964,202,1070,250,2,0,2116,0
¤ì‚¬65bb33aa,1.452,251,1134,289,1,0,2178,0
¤ì‚¬65bb33ab,1.346,,0,0,2,0,6,1
¤ì‚¬65bb33ba,1.346,615,1390,251,1,0,2584,0
¤ì‚¬65bb33bb,1.346,224,920,237,0,0,1815,0
¤ì‚¬65bb34aa,0.476,107,770,288,2,2,1489,0
¤ì‚¬65bb34ab,0.476,100,587,197,1,0,1160,1
¤ì‚¬65bb34ba,0.476,10,14,,1,7,43,7
¤ì‚¬65bb34bb,1.044,,,,0,2,,0
¤ì‚¬65bb35aa,1.875,12,52,11,1,2,106,2
¤ì‚¬65bb35ab,1.875,0,0,,0,0,0,1
¤ì‚¬65bb35ba,1.875,22,65,28,0,7,147,4
¤ì‚¬65bb35bb,1.972,10,12,0,0,7,22,7
¤ì‚¬65bb36aa,2.684,,,,0,0,,0
¤ì‚¬65bb36ab,2.24,,,,0,1,,0
¤ì‚¬65bb36ba,1.777,,,,0,0,,0
¤ì‚¬65bb36bb,1.414,,,,0,0,,0
¤ì‚¬65bb37aa,1.578,,,,0,0,,0
¤ì‚¬65bb37ab,1.839,,,,0,0,,0
¤ì‚¬65bb37ba,1.839,,,,0,0,,0
¤ì‚¬65bb37bb,1.379,,,,0,0,,0
¤ì‚¬65bb38aa,1.379,,,,0,0,,0
¤ì‚¬65bb38ab,2.038,,,,0,0,,0
¤ì‚¬65bb38ba,2.172,,,,0,0,,0
¤ì‚¬65bb38bb,3.728,,,,0,0,,0
¤ì‚¬65bb39aa,2.136,,,,0,0,,0
¤ì‚¬65bb39ab,3.477,,,,0,0,,0
¤ì‚¬65bb39ba,3.22,,,,0,0,,0
¤ì‚¬65bb39bb,1.897,,,,0,0,,0
¤ì‚¬65bb40aa,1.782,,,,0,0,,0
¤ì‚¬65bb40ab,2.372,,,,0,0,,0
¤ì‚¬66aa26aa,1.437,99,389,85,0,0,717,5
¤ì‚¬66aa26ab,0.969,350,1269,362,0,0,2437,22
¤ì‚¬66aa26ba,0.377,171,649,183,4,0,1289,14
¤ì‚¬66aa26bb,1.099,235,993,292,0,0,1881,12
¤ì‚¬66aa27aa,1.099,110,248,31,0,0,467,20
¤ì‚¬66aa27ab,1.099,265,772,86,2,0,1312,28
¤ì‚¬66aa27ba,1.455,275,1267,254,0,0,2310,14
¤ì‚¬66aa27bb,1.508,259,1061,232,1,0,2054,17
¤ì‚¬66aa28aa,1.508,227,544,105,1,0,1030,23
¤ì‚¬66aa28ab,1.508,26,69,6,0,0,129,5
¤ì‚¬66aa28ba,1.652,,,,0,0,,0
¤ì‚¬66aa28bb,1.724,176,133,0,0,0,213,2
¤ì‚¬66aa29aa,1.184,348,1174,289,2,0,2308,21
¤ì‚¬66aa29ab,1.184,375,1202,245,0,0,2301,30
¤ì‚¬66aa29ba,1.184,433,1561,237,1,0,3002,19
¤ì‚¬66aa29bb,1.153,465,995,97,1,0,1797,16
¤ì‚¬66aa30aa,1.45,394,875,92,5,0,1645,9
¤ì‚¬66aa30ab,1.543,262,1124,360,1,0,2194,12
¤ì‚¬66aa30ba,1.543,349,1203,314,1,0,2334,21
¤ì‚¬66aa30bb,2.296,306,937,281,3,0,1777,9
¤ì‚¬66aa31aa,1.72,273,1011,240,0,0,1949,12
¤ì‚¬66aa31ab,1.72,44,380,8,0,0,772,10
¤ì‚¬66aa31ba,2.624,0,0,,1,0,0,1
¤ì‚¬66aa31bb,2.624,,,,0,0,,0
¤ì‚¬66aa32aa,2.624,112,351,113,0,0,640,0
¤ì‚¬66aa32ab,1.964,621,1439,380,2,0,2661,0
¤ì‚¬66aa32ba,1.964,309,1097,272,1,0,2073,0
¤ì‚¬66aa32bb,1.964,27,102,33,3,0,205,0
¤ì‚¬66aa33aa,1.452,190,1052,353,5,0,2037,0
¤ì‚¬66aa33ab,2.675,39,179,57,3,0,365,0
¤ì‚¬66aa33ba,0.489,515,1292,280,2,0,2408,0
¤ì‚¬66aa33bb,0.477,264,1125,328,1,0,2214,0
¤ì‚¬66aa34aa,0.476,89,630,241,17,2,1239,0
¤ì‚¬66aa34ab,0.476,125,816,325,2,5,1593,0
¤ì‚¬66aa34ba,0.476,,,,0,0,,0
¤ì‚¬66aa34bb,0.882,0,0,,0,0,0,0
¤ì‚¬66aa35aa,1.129,,,,0,0,,0
¤ì‚¬66aa35ab,1.197,0,0,,0,2,10,0
¤ì‚¬66aa35ba,2.376,20,37,0,1,3,74,6
¤ì‚¬66aa35bb,2.376,,,,0,1,,0
¤ì‚¬66aa36aa,2.376,,,,0,0,,0
¤ì‚¬66aa36ab,3.61,,,,0,0,,0
¤ì‚¬66aa36ba,3.61,,,,0,0,,0
¤ì‚¬66aa36bb,1.764,,,,0,0,,0
¤ì‚¬66aa37aa,1.764,,,,0,0,,0
¤ì‚¬66aa37ab,1.839,,,,0,0,,0
¤ì‚¬66aa37ba,1.839,,,,0,0,,0
¤ì‚¬66aa37bb,1.379,,,,0,0,,0
¤ì‚¬66aa38aa,1.379,,,,0,0,,0
¤ì‚¬66aa38ab,2.138,,,,0,1,,0
¤ì‚¬66aa38ba,2.138,,,,0,0,,0
¤ì‚¬66aa38bb,2.138,,,,0,0,,0
¤ì‚¬66aa39aa,2.136,,,,0,0,,0
¤ì‚¬66aa39ab,2.174,,,,0,0,,0
¤ì‚¬66aa39ba,1.897,,,,0,0,,0
¤ì‚¬66aa39bb,1.897,,,,0,0,,0
¤ì‚¬66aa40aa,1.782,,,,0,0,,0
¤ì‚¬66aa40ab,1.656,,,,0,0,,0
¤ì‚¬66ab26aa,1.437,,,,0,0,,0
¤ì‚¬66ab26ab,0.969,182,813,193,0,0,1533,9
¤ì‚¬66ab26ba,2.311,326,893,183,0,0,1784,10
¤ì‚¬66ab26bb,1.099,237,638,169,2,1,1256,25
¤ì‚¬66ab27aa,1.087,,,,0,0,,0
¤ì‚¬66ab27ab,1.087,42,80,12,0,0,158,5
¤ì‚¬66ab27ba,1.087,11,12,,0,0,18,2
¤ì‚¬66ab27bb,1.508,100,158,22,0,0,301,9
¤ì‚¬66ab28aa,1.508,18,38,11,0,0,77,3
¤ì‚¬66ab28ab,1.508,,,,0,0,,1
¤ì‚¬66ab28ba,1.965,,,,0,0,,1
¤ì‚¬66ab28bb,1.724,,,,0,0,,1
¤ì‚¬66ab29aa,1.724,314,1018,260,3,0,1947,17
¤ì‚¬66ab29ab,1.724,272,1022,319,1,0,2042,32
¤ì‚¬66ab29ba,1.153,325,1071,210,1,0,2112,20
¤ì‚¬66ab29bb,1.153,171,735,166,0,0,1429,23
¤ì‚¬66ab30aa,1.278,195,829,240,1,0,1565,15
¤ì‚¬66ab30ab,1.232,284,1178,399,2,0,2333,18
¤ì‚¬66ab30ba,2.296,231,985,368,2,0,1910,19
¤ì‚¬66ab30bb,2.296,275,848,224,2,0,1652,19
¤ì‚¬66ab31aa,1.33,123,376,128,0,0,732,15
¤ì‚¬66ab31ab,2.123,,,,1,0,,12
¤ì‚¬66ab31ba,2.279,,,,2,0,,6
¤ì‚¬66ab31bb,3.157,9,118,6,0,0,234,14
¤ì‚¬66ab32aa,2.501,,0,,1,0,0,3
¤ì‚¬66ab32ab,2.17,27,119,44,0,0,230,0
¤ì‚¬66ab32ba,1.452,106,527,166,0,0,1030,0
¤ì‚¬66ab32bb,1.452,243,938,221,0,0,1828,4
¤ì‚¬66ab33aa,1.452,276,997,303,0,0,1992,15
¤ì‚¬66ab33ab,2.675,212,621,146,0,0,1187,33
¤ì‚¬66ab33ba,0.698,321,1075,294,0,0,2103,15
¤ì‚¬66ab33bb,0.477,223,693,149,0,0,1330,11
¤ì‚¬66ab34aa,0.477,419,1100,247,0,0,2178,37
¤ì‚¬66ab34ab,0.477,417,1042,222,2,0,1950,17
¤ì‚¬66ab34ba,0.979,,,,0,0,,0
¤ì‚¬66ab34bb,0.649,,6,,0,0,22,6
¤ì‚¬66ab35aa,0.757,,,,1,0,,0
¤ì‚¬66ab35ab,1.305,0,0,,0,0,0,0
¤ì‚¬66ab35ba,7.37,,,,0,0,,0
¤ì‚¬66ab35bb,7.37,,,,0,0,,0
¤ì‚¬66ab36aa,2.376,,,,0,0,,0
¤ì‚¬66ab36ab,3.61,,,,0,0,,0
¤ì‚¬66ab36ba,3.61,,,,0,0,,1
¤ì‚¬66ab36bb,10.676,,,,0,0,,0
¤ì‚¬66ab37aa,2.04,,,,0,0,,0
¤ì‚¬66ab37ab,1.195,0,,,0,0,0,0
¤ì‚¬66ab37ba,1.839,0,0,,0,0,0,0
¤ì‚¬66ab37bb,1.379,189,397,72,1,0,770,8
¤ì‚¬66ab38aa,1.379,,,,0,1,,0
¤ì‚¬66ab38ab,1.644,0,0,,0,1,0,0
¤ì‚¬66ab38ba,1.644,,,,0,0,,0
¤ì‚¬66ab38bb,2.136,,,,0,1,,0
¤ì‚¬66ab39aa,2.136,,,,0,0,,0
¤ì‚¬66ab39ab,2.174,,,,0,0,0,6
¤ì‚¬66ab39ba,1.945,,,,0,0,,0
¤ì‚¬66ab39bb,1.525,,,,0,0,,0
¤ì‚¬66ab40aa,1.525,,,,0,0,,0
¤ì‚¬66ab40ab,0.904,,,,0,0,,0
¤ì‚¬66ab40ba,0.952,,,,0,0,,0
¤ì‚¬66ba26ab,2.36,,,,0,0,,0
¤ì‚¬66ba26ba,2.234,86,138,26,0,0,276,20
¤ì‚¬66ba26bb,1.099,171,426,85,2,2,822,13
¤ì‚¬66ba27aa,1.087,210,399,51,0,10,741,13
¤ì‚¬66ba27ab,1.087,,,,0,0,,1
¤ì‚¬66ba27ba,1.087,266,185,,0,0,291,1
¤ì‚¬66ba27bb,2.316,,,,0,0,0,1
¤ì‚¬66ba28aa,2.316,,,,0,0,,0
¤ì‚¬66ba28ab,2.316,,,,0,0,,0
¤ì‚¬66ba28ba,1.965,6,18,,0,0,42,4
¤ì‚¬66ba28bb,1.253,179,656,110,6,15,1264,109
¤ì‚¬66ba29aa,1.253,134,568,160,0,0,1083,18
¤ì‚¬66ba29ab,1.253,193,782,193,0,0,1451,9
¤ì‚¬66ba29ba,0.901,254,946,200,0,0,1837,19
¤ì‚¬66ba29bb,0.901,199,1029,328,4,0,2001,17
¤ì‚¬66ba30aa,0.861,132,753,220,2,0,1474,17
¤ì‚¬66ba30ab,0.939,240,1150,443,3,0,2240,11
¤ì‚¬66ba30ba,1.952,175,656,222,0,0,1228,11
¤ì‚¬66ba30bb,1.921,,,,0,0,,0
¤ì‚¬66ba31aa,0.555,,,,0,0,,0
¤ì‚¬66ba31ab,0.555,165,477,115,0,0,887,5
¤ì‚¬66ba31ba,0.555,204,730,46,0,0,1197,17
¤ì‚¬66ba31bb,2.457,8,43,,1,0,121,18
¤ì‚¬66ba32aa,2.261,31,149,0,1,0,298,18
¤ì‚¬66ba32ab,2.17,403,1700,286,0,0,3334,13
¤ì‚¬66ba32ba,2.17,34,127,17,1,0,251,3
¤ì‚¬66ba32bb,2.17,311,635,92,1,4,1255,16
¤ì‚¬66ba33aa,2.442,160,597,160,1,0,1162,13
¤ì‚¬66ba33ab,2.675,190,437,76,0,11,877,13
¤ì‚¬66ba33ba,0.9,213,749,199,2,0,1497,13
¤ì‚¬66ba33bb,0.923,300,901,218,2,0,1726,10
¤ì‚¬66ba34aa,0.923,239,499,102,3,6,959,21
¤ì‚¬66ba34ab,0.649,373,704,128,0,0,1349,37
¤ì‚¬66ba34ba,0.649,,,,0,0,,0
¤ì‚¬66ba34bb,0.649,,,,0,0,0,2
¤ì‚¬66ba35aa,0.757,344,1007,317,0,43,1960,13
¤ì‚¬66ba35ab,1.407,116,389,124,0,0,760,20
¤ì‚¬66ba35ba,1.407,,,,0,0,,0
¤ì‚¬66ba35bb,7.37,0,,,0,0,0,0
¤ì‚¬66ba36aa,2.376,,,,0,0,,0
¤ì‚¬66ba36ab,3.61,,,,0,0,,0
¤ì‚¬66ba36ba,3.61,,,,0,0,,0
¤ì‚¬66ba36bb,1.42,,,,0,3,,0
¤ì‚¬66ba37aa,2.04,,,,0,0,,0
¤ì‚¬66ba37ab,1.195,,,,0,0,,1
¤ì‚¬66ba37ba,1.128,65,150,38,0,0,319,1
¤ì‚¬66ba37bb,1.128,195,497,70,1,3,958,37
¤ì‚¬66ba38aa,1.128,,,,0,0,0,0
¤ì‚¬66ba38ab,0.69,,,,0,4,,0
¤ì‚¬66ba38ba,0.69,,,,0,0,,0
¤ì‚¬66ba38bb,3.975,,,,0,0,,0
¤ì‚¬66ba39aa,3.975,,,,0,0,,0
¤ì‚¬66ba39ab,3.975,19,46,,0,3,136,8
¤ì‚¬66ba39ba,4.92,,,,0,0,,0
¤ì‚¬66ba39bb,0.904,,,,0,1,,0
¤ì‚¬66ba40aa,0.904,,,,0,0,,0
¤ì‚¬66ba40ab,0.904,,,,0,0,,0
¤ì‚¬66ba40ba,0.952,,,,0,0,,0
¤ì‚¬66ba40bb,1.988,,,,0,0,,0
¤ì‚¬66bb26ab,2.306,,,,0,0,,0
¤ì‚¬66bb26ba,2.234,6,23,0,0,2,46,3
¤ì‚¬66bb26bb,0.733,130,315,62,2,12,591,37
¤ì‚¬66bb27aa,1.087,132,346,52,2,1,652,9
¤ì‚¬66bb27ab,1.087,136,181,21,1,6,348,12
¤ì‚¬66bb27ba,1.087,,,,1,0,,0
¤ì‚¬66bb27bb,2.316,,,,0,0,,0
¤ì‚¬66bb28aa,2.316,,,,0,0,,0
¤ì‚¬66bb28ab,2.316,,,,0,0,,0
¤ì‚¬66bb28ba,1.804,35,98,14,1,1,194,19
¤ì‚¬66bb28bb,1.253,139,493,70,4,13,1014,89
¤ì‚¬66bb29aa,1.253,131,432,70,3,11,886,66
¤ì‚¬66bb29ab,1.253,0,11,0,0,1,26,2
¤ì‚¬66bb29ba,0.47,195,756,120,2,16,1500,112
¤ì‚¬66bb29bb,0.47,114,1007,385,0,0,1971,25
¤ì‚¬66bb30aa,0.234,275,1227,366,3,0,2487,16
¤ì‚¬66bb30ab,1.083,173,743,250,0,0,1459,20
¤ì‚¬66bb30ba,1.952,,,,0,0,,0
¤ì‚¬66bb30bb,0.902,,,,22,0,,0
¤ì‚¬66bb31aa,1.291,149,486,120,0,0,928,19
¤ì‚¬66bb31ab,1.291,381,1120,256,0,0,2170,11
¤ì‚¬66bb31ba,1.291,285,1155,300,4,0,2247,13
¤ì‚¬66bb31bb,2.786,116,592,130,1,0,1109,21
¤ì‚¬66bb32aa,2.261,268,1055,234,1,0,2044,25
¤ì‚¬66bb32ab,2.279,272,931,220,1,0,1819,27
¤ì‚¬66bb32ba,2.279,248,631,110,3,0,1228,13
¤ì‚¬66bb32bb,2.279,161,521,89,0,4,1042,17
¤ì‚¬66bb33aa,1.797,119,459,129,3,0,887,8
¤ì‚¬66bb33ab,1.28,103,303,97,2,7,608,23
¤ì‚¬66bb33ba,1.28,199,543,122,0,0,1104,24
¤ì‚¬66bb33bb,2.199,176,607,145,3,0,1206,13
¤ì‚¬66bb34aa,2.199,171,485,122,0,5,927,17
¤ì‚¬66bb34ab,2.199,158,363,109,4,0,705,18
¤ì‚¬66bb34ba,0.649,97,179,30,1,0,345,17
¤ì‚¬66bb34bb,0.649,72,381,14,2,0,811,10
¤ì‚¬66bb35aa,1.504,330,969,252,3,0,1881,66
¤ì‚¬66bb35ab,1.504,153,632,149,6,0,1191,5
¤ì‚¬66bb35ba,1.504,28,198,47,3,0,386,0
¤ì‚¬66bb35bb,7.37,0,0,,0,0,0,0
¤ì‚¬66bb36aa,3.127,,,,0,0,,0
¤ì‚¬66bb36ab,7.889,,,,0,0,,0
¤ì‚¬66bb36ba,2.09,65,306,103,0,12,603,0
¤ì‚¬66bb36bb,1.42,318,550,53,1,15,1140,34
¤ì‚¬66bb37aa,0.762,311,668,75,3,30,1344,77
¤ì‚¬66bb37ab,0.762,66,184,27,1,16,389,25
¤ì‚¬66bb37ba,8.574,205,396,44,1,8,802,35
¤ì‚¬66bb37bb,8.574,566,1286,155,3,22,2554,128
¤ì‚¬66bb38aa,7.724,606,1161,95,2,40,2342,194
¤ì‚¬66bb38ab,0.69,331,595,57,2,38,1275,184
¤ì‚¬66bb38ba,0.69,151,275,12,2,18,616,67
¤ì‚¬66bb38bb,3.975,0,0,,0,0,0,3
¤ì‚¬66bb39aa,3.975,,,,0,0,,1
¤ì‚¬66bb39ab,0.207,24,52,0,1,8,143,10
¤ì‚¬66bb39ba,4.92,0,0,,0,3,0,1
¤ì‚¬66bb39bb,0.904,0,14,0,0,0,32,5
¤ì‚¬66bb40aa,0.904,0,8,0,0,6,21,4
¤ì‚¬66bb40ab,0.904,,0,,0,0,11,2
¤ì‚¬66bb40ba,0.952,0,,,0,0,0,0
¤ì‚¬66bb40bb,1.988,0,0,,1,1,6,4
¤ì‚¬66bb41aa,2.516,,,,0,0,,1
¤ì‚¬67aa26ba,2.713,,0,,0,0,0,0
¤ì‚¬67aa26bb,2.908,6,21,0,0,1,41,8
¤ì‚¬67aa27aa,0.733,20,49,6,0,7,85,8
¤ì‚¬67aa27ab,1.045,0,0,,0,0,0,0
¤ì‚¬67aa27ba,1.045,,,,0,0,,1
¤ì‚¬67aa27bb,2.316,,,,0,0,,0
¤ì‚¬67aa28aa,2.316,,,,0,0,,0
¤ì‚¬67aa28ab,2.316,,,,0,0,,0
¤ì‚¬67aa28ba,1.804,,,,0,0,,0
¤ì‚¬67aa28bb,1.253,0,12,0,0,1,24,2
¤ì‚¬67aa29aa,1.253,0,16,,1,0,29,3
¤ì‚¬67aa29ab,1.253,91,333,48,1,17,659,51
¤ì‚¬67aa29ba,0.234,217,722,88,3,20,1544,118
¤ì‚¬67aa29bb,0.234,39,182,55,1,0,354,19
¤ì‚¬67aa30aa,0.234,132,763,242,1,0,1490,19
¤ì‚¬67aa30ab,1.083,369,1367,366,2,0,2729,40
¤ì‚¬67aa30ba,1.495,105,479,168,0,0,941,3
¤ì‚¬67aa30bb,0.902,76,346,109,0,0,663,3
¤ì‚¬67aa31aa,1.291,302,1205,408,2,0,2347,18
¤ì‚¬67aa31ab,1.291,235,821,206,0,0,1540,9
¤ì‚¬67aa31ba,1.291,269,901,277,2,0,1747,9
¤ì‚¬67aa31bb,2.786,160,693,163,2,11,1378,49
¤ì‚¬67aa32aa,2.786,45,173,54,1,0,320,4
¤ì‚¬67aa32ab,2.279,132,442,78,0,6,839,13
¤ì‚¬67aa32ba,2.279,116,573,160,0,5,1098,10
¤ì‚¬67aa32bb,2.279,200,696,217,0,3,1326,9
¤ì‚¬67aa33aa,1.797,124,631,217,1,6,1239,13
¤ì‚¬67aa33ab,2.136,95,447,150,0,3,861,23
¤ì‚¬67aa33ba,1.414,225,537,122,0,0,1047,7
¤ì‚¬67aa33bb,1.414,207,615,168,0,0,1196,11
¤ì‚¬67aa34aa,1.414,279,1013,285,1,3,1952,17
¤ì‚¬67aa34ab,2.199,406,1109,290,1,17,2085,15
¤ì‚¬67aa34ba,0.31,89,295,44,1,4,606,14
¤ì‚¬67aa34bb,0.31,38,190,0,3,0,436,12
¤ì‚¬67aa35aa,1.504,362,895,175,0,0,1746,11
¤ì‚¬67aa35ab,1.504,199,748,186,0,0,1436,37
¤ì‚¬67aa35ba,1.504,22,274,42,1,0,501,0
¤ì‚¬67aa35bb,2.064,,,,0,0,,0
¤ì‚¬67aa36aa,2.581,,,,0,0,,0
¤ì‚¬67aa36ab,1.368,,,,0,0,,1
¤ì‚¬67aa36ba,1.368,9,164,0,1,0,324,0
¤ì‚¬67aa36bb,1.368,196,404,23,3,40,873,65
¤ì‚¬67aa37aa,0.762,303,524,28,6,23,1141,92
¤ì‚¬67aa37ab,0.762,237,653,92,4,30,1400,109
¤ì‚¬67aa37ba,0.198,584,1329,177,5,53,2618,236
¤ì‚¬67aa37bb,0.447,388,849,94,6,23,1750,113
¤ì‚¬67aa38aa,0.447,571,1323,124,4,41,2714,260
¤ì‚¬67aa38ab,0.69,641,1151,83,5,60,2495,472
¤ì‚¬67aa38ba,0.69,356,694,76,3,47,1476,230
¤ì‚¬67aa38bb,3.975,230,765,98,3,11,1487,51
¤ì‚¬67aa39aa,1.322,0,18,,0,0,30,1
¤ì‚¬67aa39ab,0.207,48,242,25,2,0,489,19
¤ì‚¬67aa39ba,0.207,196,743,96,1,5,1659,84
¤ì‚¬67aa39bb,3.506,102,398,54,2,5,898,36
¤ì‚¬67aa40aa,3.506,66,212,30,0,0,472,18
¤ì‚¬67aa40ab,3.506,182,826,166,5,0,1884,53
¤ì‚¬67aa40ba,1.674,176,741,165,3,0,1614,22
¤ì‚¬67aa40bb,1.674,129,392,90,4,1,895,6
¤ì‚¬67aa41aa,1.634,25,75,17,3,0,187,2
¤ì‚¬67ab26ba,2.713,,,,0,0,,0
¤ì‚¬67ab26bb,2.908,,,,0,0,,0
¤ì‚¬67ab27aa,1.045,,,,0,0,,0
¤ì‚¬67ab27ab,6.101,0,0,,0,0,0,0
¤ì‚¬67ab27ba,6.001,,,,0,0,,0
¤ì‚¬67ab27bb,6.001,,,,0,0,,0
¤ì‚¬67ab28aa,5.605,,,,0,0,,0
¤ì‚¬67ab28ab,5.605,,,,0,0,,0
¤ì‚¬67ab28ba,5.605,,,,0,0,,0
¤ì‚¬67ab28bb,5.391,,,,0,0,,0
¤ì‚¬67ab29aa,1.489,,,,0,0,,0
¤ì‚¬67ab29ab,1.489,,,,0,0,,0
¤ì‚¬67ab29ba,0.793,101,414,57,1,12,883,61
¤ì‚¬67ab29bb,0.403,,,,0,0,,0
¤ì‚¬67ab30aa,1,97,254,67,0,0,472,11
¤ì‚¬67ab30ab,1,229,1146,369,0,0,2224,24
¤ì‚¬67ab30ba,1,293,1138,342,2,0,2227,21
¤ì‚¬67ab30bb,0.902,358,1130,245,0,0,2218,15
¤ì‚¬67ab31aa,1.291,269,851,190,1,0,1626,12
¤ì‚¬67ab31ab,1.291,328,1455,402,0,0,2806,21
¤ì‚¬67ab31ba,1.291,124,505,146,1,0,1012,17
¤ì‚¬67ab31bb,2.786,49,218,40,1,6,423,19
¤ì‚¬67ab32aa,2.58,,,,0,0,,0
¤ì‚¬67ab32ab,2.279,23,72,10,0,0,142,5
¤ì‚¬67ab32ba,2.279,16,49,9,1,4,107,14
¤ì‚¬67ab32bb,2.279,26,85,15,2,7,174,7
¤ì‚¬67ab33aa,1.797,23,87,14,1,7,169,2
¤ì‚¬67ab33ab,2.136,101,298,66,1,17,590,26
¤ì‚¬67ab33ba,1.414,,12,0,0,2,27,5
¤ì‚¬67ab33bb,1.414,,,,0,0,,0
¤ì‚¬67ab34aa,1.414,68,285,90,0,2,573,14
¤ì‚¬67ab34ab,0.892,535,1123,195,3,1,2178,21
¤ì‚¬67ab34ba,0.892,400,876,77,3,17,1722,90
¤ì‚¬67ab34bb,0.892,133,535,39,3,25,1160,94
¤ì‚¬67ab35aa,1.772,485,905,151,3,1,1778,30
¤ì‚¬67ab35ab,1.772,264,909,256,1,0,1725,14
¤ì‚¬67ab35ba,1.504,156,772,276,3,0,1549,0
¤ì‚¬67ab35bb,2.115,31,133,26,1,2,254,2
¤ì‚¬67ab36aa,2.675,,,,0,3,,0
¤ì‚¬67ab36ab,1.485,,,,0,0,,0
¤ì‚¬67ab36ba,1.485,140,362,26,2,14,764,27
¤ì‚¬67ab36bb,1.485,646,1368,135,2,37,2697,154
¤ì‚¬67ab37aa,0.762,305,546,25,4,29,1324,152
¤ì‚¬67ab37ab,0.762,140,249,16,1,16,515,100
¤ì‚¬67ab37ba,0.198,647,1066,96,5,82,2162,469
¤ì‚¬67ab37bb,0.447,587,1117,118,7,58,2289,313
¤ì‚¬67ab38aa,0.447,402,736,68,4,45,1539,242
¤ì‚¬67ab38ab,0.606,452,898,132,6,42,1815,214
¤ì‚¬67ab38ba,0.606,724,1456,130,4,84,3093,548
¤ì‚¬67ab38bb,0.907,389,953,114,3,48,1976,294
¤ì‚¬67ab39aa,1.322,,,,0,0,,0
¤ì‚¬67ab39ab,0.207,40,138,14,2,1,373,7
¤ì‚¬67ab39ba,0.207,123,406,41,1,4,954,39
¤ì‚¬67ab39bb,0.207,,,,0,0,,0
¤ì‚¬67ab40aa,0.858,,,,0,0,,0
¤ì‚¬67ab40ab,1.674,26,85,21,1,2,194,5
¤ì‚¬67ab40ba,1.67,44,123,16,1,1,287,2
¤ì‚¬67ab40bb,2.316,59,206,22,1,1,476,5
¤ì‚¬67ab41aa,2.316,,,,0,0,,0
¤ì‚¬67ab41ab,1.083,,,,0,0,,0
¤ì‚¬67ba26ba,2.713,,,,0,0,,0
¤ì‚¬67ba26bb,6.396,,,,0,0,,0
¤ì‚¬67ba27aa,6.356,,,,0,0,,0
¤ì‚¬67ba27ab,5.96,,,,0,0,,0
¤ì‚¬67ba27ba,6.001,,,,0,0,,0
¤ì‚¬67ba27bb,6.001,,,,0,0,,0
¤ì‚¬67ba28aa,5.605,,,,0,0,,0
¤ì‚¬67ba28ab,5.605,,,,0,0,,0
¤ì‚¬67ba28ba,5.605,,,,0,0,,0
¤ì‚¬67ba28bb,5.172,,,,0,0,,0
¤ì‚¬67ba29aa,5.26,,,,0,0,,0
¤ì‚¬67ba29ab,1.134,,,,0,0,,0
¤ì‚¬67ba29ba,0.793,,,,0,0,,0
¤ì‚¬67ba29bb,1.362,10,24,8,1,0,51,4
¤ì‚¬67ba30aa,1.373,116,283,58,2,0,532,23
¤ì‚¬67ba30ab,1.373,241,759,207,1,0,1436,15
¤ì‚¬67ba30ba,1.373,235,855,216,3,0,1677,21
¤ì‚¬67ba30bb,1.394,256,771,128,3,0,1514,23
¤ì‚¬67ba31aa,1.394,249,1022,293,1,0,2064,20
¤ì‚¬67ba31ab,1.141,73,274,75,0,0,545,5
¤ì‚¬67ba31ba,1.604,10,18,0,1,0,40,6
¤ì‚¬67ba31bb,1.836,97,350,58,1,13,723,23
¤ì‚¬67ba32aa,2.58,8,15,0,0,0,37,2
¤ì‚¬67ba32ab,2.92,62,144,15,0,4,274,15
¤ì‚¬67ba32ba,2.92,143,373,46,2,17,753,24
¤ì‚¬67ba32bb,2.97,42,91,20,1,8,193,8
¤ì‚¬67ba33aa,2.97,80,266,42,2,17,528,26
¤ì‚¬67ba33ab,2.136,41,113,13,2,14,208,17
¤ì‚¬67ba33ba,1.414,,,,0,0,,0
¤ì‚¬67ba33bb,1.414,,,,0,0,,5
¤ì‚¬67ba34aa,1.414,11,34,0,0,2,84,4
¤ì‚¬67ba34ab,0.892,277,756,119,0,1,1414,19
¤ì‚¬67ba34ba,0.892,250,617,89,1,18,1188,74
¤ì‚¬67ba34bb,0.892,130,472,60,1,8,1015,107
¤ì‚¬67ba35aa,1.772,553,1569,341,0,0,3021,20
¤ì‚¬67ba35ab,1.772,399,1284,308,0,0,2489,12
¤ì‚¬67ba35ba,1.293,126,787,296,3,0,1523,0
¤ì‚¬67ba35bb,14.277,14,88,30,0,0,180,0
¤ì‚¬67ba36aa,14.277,,,,0,0,,0
¤ì‚¬67ba36ab,14.277,,,,0,0,,0
¤ì‚¬67ba36ba,2.772,140,313,23,1,10,620,35
¤ì‚¬67ba36bb,1.485,756,1458,120,2,64,2894,227
¤ì‚¬67ba37aa,1.203,785,1467,138,0,49,3285,142
¤ì‚¬67ba37ab,1.04,242,693,66,2,30,1578,151
¤ì‚¬67ba37ba,0.361,614,1203,129,5,79,2416,448
¤ì‚¬67ba37bb,0.327,738,1114,68,5,83,2286,571
¤ì‚¬67ba38aa,0.362,395,723,71,5,36,1548,155
¤ì‚¬67ba38ab,0.642,390,951,160,5,45,1862,141
¤ì‚¬67ba38ba,0.642,593,1127,125,4,64,2294,329
¤ì‚¬67ba38bb,1.274,637,1291,158,3,45,2730,523
¤ì‚¬67ba39aa,1.322,126,711,209,1,3,1394,21
¤ì‚¬67ba39ab,0.447,,,,0,0,,0
¤ì‚¬67ba39ba,0.447,,,,0,2,,0
¤ì‚¬67ba39bb,0.447,,,,0,0,,0
¤ì‚¬67ba40aa,1.469,0,0,,1,1,0,0
¤ì‚¬67ba40ab,1.469,,,,0,0,,0
¤ì‚¬67ba40ba,1.469,,,,0,1,,3
¤ì‚¬67ba40bb,1.793,,,,0,0,,6
¤ì‚¬67ba41aa,1.793,,,,0,2,,0
¤ì‚¬67ba41ab,1.083,56,207,22,0,0,376,0
¤ì‚¬67ba41ba,1.083,684,1444,122,0,0,2886,0
¤ì‚¬67ba41bb,1.083,,,,0,0,,0
¤ì‚¬67bb26bb,6.259,,,,0,0,,0
¤ì‚¬67bb27aa,6.129,,,,0,0,,0
¤ì‚¬67bb27ab,6.129,,,,0,0,,0
¤ì‚¬67bb28bb,4.901,,,,0,0,,0
¤ì‚¬67bb29aa,5.025,,,,0,0,,0
¤ì‚¬67bb29ab,1.134,,,,0,0,,0
¤ì‚¬67bb29ba,0.973,,,,0,0,,0
¤ì‚¬67bb29bb,1.362,47,118,27,0,0,237,13
¤ì‚¬67bb30aa,1.75,201,561,119,0,0,1051,17
¤ì‚¬67bb30ab,1.75,426,1604,383,2,0,3161,35
¤ì‚¬67bb30ba,1.75,167,636,193,0,0,1294,18
¤ì‚¬67bb30bb,1.394,289,1014,226,0,0,2011,21
¤ì‚¬67bb31aa,1.394,123,426,71,1,15,858,34
¤ì‚¬67bb31ab,1.353,0,6,,0,0,10,2
¤ì‚¬67bb31ba,1.604,16,18,0,1,4,49,13
¤ì‚¬67bb31bb,1.604,66,155,32,1,12,364,20
¤ì‚¬67bb32aa,2.558,,,,0,1,,1
¤ì‚¬67bb32ab,2.873,61,192,36,1,21,386,7
¤ì‚¬67bb32ba,2.873,,,,0,0,,0
¤ì‚¬67bb32bb,2.97,,,,0,0,,0
¤ì‚¬67bb33aa,2.97,,6,0,0,1,13,0
¤ì‚¬67bb33ab,2.433,17,55,11,0,5,112,5
¤ì‚¬67bb33ba,1.873,,,,0,0,,0
¤ì‚¬67bb33bb,1.873,,,,0,0,,0
¤ì‚¬67bb34aa,1.873,55,163,27,1,12,383,16
¤ì‚¬67bb34ab,0.892,120,376,49,3,15,760,18
¤ì‚¬67bb34ba,0.892,212,713,88,0,26,1490,101
¤ì‚¬67bb34bb,0.892,198,698,118,2,19,1499,116
¤ì‚¬67bb35aa,1.772,351,1147,286,2,0,2225,19
¤ì‚¬67bb35ab,1.772,136,499,123,0,0,967,2
¤ì‚¬67bb35ba,1.602,258,1206,456,0,0,2347,0
¤ì‚¬67bb35bb,14.277,30,119,42,0,2,222,0
¤ì‚¬67bb36aa,14.277,,,,0,0,,0
¤ì‚¬67bb36ab,14.277,,,,0,1,,0
¤ì‚¬67bb36ba,1.462,153,516,83,3,19,1023,38
¤ì‚¬67bb36bb,1.462,364,868,146,2,26,1751,78
¤ì‚¬67bb37aa,0.564,71,186,21,1,3,370,7
¤ì‚¬67bb37ab,0.564,147,523,44,1,16,1231,85
¤ì‚¬67bb37ba,0.261,732,1374,112,6,87,2908,563
¤ì‚¬67bb37bb,0.327,763,1401,124,5,108,2952,595
¤ì‚¬67bb38aa,0.362,309,772,90,5,63,1674,207
¤ì‚¬67bb38ab,0.642,574,1310,148,4,34,2599,181
¤ì‚¬67bb38ba,0.642,603,1505,203,5,41,2937,219
¤ì‚¬67bb38bb,0.642,738,1423,119,4,82,2939,640
¤ì‚¬67bb39aa,1.628,204,485,45,2,27,997,223
¤ì‚¬67bb39ab,1.08,0,,,0,6,0,1
¤ì‚¬67bb39ba,1.08,,,,0,0,,0
¤ì‚¬67bb39bb,1.401,,,,0,0,,0
¤ì‚¬67bb40aa,1.469,,0,,0,8,0,8
¤ì‚¬67bb40ab,1.469,,,,1,7,0,0
¤ì‚¬67bb40ba,1.805,10,10,,2,4,11,5
¤ì‚¬67bb40bb,1.793,66,254,72,0,3,532,0
¤ì‚¬67bb41aa,1.793,81,262,68,0,1,541,0
¤ì‚¬67bb41ab,1.083,48,194,58,0,0,363,0
¤ì‚¬67bb41ba,1.083,533,1079,209,0,0,2177,0
¤ì‚¬68aa29aa,4.948,,,,0,0,,0
¤ì‚¬68aa29ab,5.202,,,,0,0,,0
¤ì‚¬68aa29ba,2.043,78,216,25,1,11,450,30
¤ì‚¬68aa29bb,1.362,83,234,30,0,6,471,27
¤ì‚¬68aa30aa,1.75,430,1033,160,1,0,2022,27
¤ì‚¬68aa30ab,1.75,148,358,48,2,0,689,13
¤ì‚¬68aa30ba,1.75,72,294,73,2,0,535,18
¤ì‚¬68aa30bb,1.937,172,640,113,5,31,1293,68
¤ì‚¬68aa31aa,1.937,72,245,45,2,11,528,41
¤ì‚¬68aa31ab,2.058,0,,,0,0,0,0
¤ì‚¬68aa31ba,2.295,35,94,20,0,1,188,10
¤ì‚¬68aa31bb,2.295,33,107,28,0,3,215,6
¤ì‚¬68aa32aa,2.854,,,,0,0,,0
¤ì‚¬68aa32ab,2.854,,,,0,0,,0
¤ì‚¬68aa32ba,2.854,,,,0,0,,0
¤ì‚¬68aa32bb,2.97,,,,0,0,,0
¤ì‚¬68aa33aa,2.822,,,,0,0,,0
¤ì‚¬68aa33ab,2.508,,,,0,0,,0
¤ì‚¬68aa33ba,1.873,,,,0,0,,0
¤ì‚¬68aa33bb,1.873,,,,0,0,,0
¤ì‚¬68aa34aa,1.844,37,155,25,1,4,272,15
¤ì‚¬68aa34ab,1.844,673,756,36,1,13,1435,19
¤ì‚¬68aa34ba,1.844,285,849,163,0,0,1641,44
¤ì‚¬68aa34bb,1.119,188,609,105,0,0,1212,43
¤ì‚¬68aa35aa,1.576,171,527,89,5,0,970,12
¤ì‚¬68aa35ab,1.576,,,,0,2,,0
¤ì‚¬68aa35ba,3.071,,,,0,0,,0
¤ì‚¬68aa35bb,14.277,,,,0,0,,0
¤ì‚¬68aa36aa,14.277,,,,0,0,,0
¤ì‚¬68aa36ab,14.277,,,,0,0,,0
¤ì‚¬68aa36ba,1.462,315,803,119,0,9,1573,44
¤ì‚¬68aa36bb,1.462,172,423,94,1,2,866,11
¤ì‚¬68aa37aa,0.564,238,540,67,1,21,1097,78
¤ì‚¬68aa37ab,0.564,428,1950,280,1,21,4168,91
¤ì‚¬68aa37ba,0.387,296,751,76,3,43,1588,162
¤ì‚¬68aa37bb,0.387,629,1344,121,6,109,2833,542
¤ì‚¬68aa38aa,0.362,656,1286,131,5,196,2757,508
¤ì‚¬68aa38ab,0.642,158,381,48,5,14,742,74
¤ì‚¬68aa38ba,0.642,526,1300,204,6,41,2622,161
¤ì‚¬68aa38bb,0.642,591,1244,146,8,82,2526,523
¤ì‚¬68aa39aa,0.827,451,1039,93,6,88,2237,422
¤ì‚¬68aa39ab,1.08,,,,0,0,,0
¤ì‚¬68aa39ba,1.08,,,,0,0,,0
¤ì‚¬68aa39bb,1.401,,,,0,0,,0
¤ì‚¬68aa40aa,1.469,28,27,,0,3,31,4
¤ì‚¬68aa40ab,1.42,,,,1,4,0,3
¤ì‚¬68aa40ba,1.805,32,526,28,0,1,945,0
¤ì‚¬68aa40bb,1.899,167,766,214,0,2,1482,0
¤ì‚¬68aa41aa,1.899,66,278,79,0,0,558,0
¤ì‚¬68aa41ab,1.899,149,782,268,0,0,1479,0
¤ì‚¬68aa41ba,1.255,204,1163,495,0,0,2263,0
¤ì‚¬68ab28bb,4.611,,,,0,0,,0
¤ì‚¬68ab29aa,4.195,,,,0,0,,0
¤ì‚¬68ab29ab,5.202,,,,0,0,,0
¤ì‚¬68ab29ba,2.043,76,236,25,2,13,483,34
¤ì‚¬68ab29bb,2.342,276,932,123,4,21,1861,134
¤ì‚¬68ab30aa,1.75,249,480,63,2,0,902,17
¤ì‚¬68ab30ab,1.75,381,986,231,2,0,1858,9
¤ì‚¬68ab30ba,1.75,156,546,98,4,3,1063,47
¤ì‚¬68ab30bb,1.937,74,245,24,1,14,513,40
¤ì‚¬68ab31aa,1.937,9,19,0,0,1,44,2
¤ì‚¬68ab31ab,2.058,0,0,,0,0,0,0
¤ì‚¬68ab31ba,2.295,,,,0,0,0,1
¤ì‚¬68ab31bb,2.295,,,,0,0,,0
¤ì‚¬68ab32aa,2.854,,,,0,0,,0
¤ì‚¬68ab32ab,2.854,,,,0,0,,0
¤ì‚¬68ab32ba,2.854,,,,0,0,,0
¤ì‚¬68ab32bb,2.873,,,,0,0,,0
¤ì‚¬68ab33aa,3.293,,,,0,0,,0
¤ì‚¬68ab33ab,3.293,,,,0,0,,0
¤ì‚¬68ab33ba,3.293,,,,0,0,,0
¤ì‚¬68ab33bb,2.265,,,,0,0,,0
¤ì‚¬68ab34aa,1.844,57,174,56,1,1,329,5
¤ì‚¬68ab34ab,1.844,433,838,134,1,0,1583,17
¤ì‚¬68ab34ba,1.844,113,529,130,1,0,1059,7
¤ì‚¬68ab34bb,1.425,185,898,184,0,0,1727,10
¤ì‚¬68ab35aa,1.441,153,449,76,0,0,863,8
¤ì‚¬68ab35ab,1.531,,,,0,0,,0
¤ì‚¬68ab35ba,1.342,,,,0,0,,0
¤ì‚¬68ab35bb,1.923,,,,0,0,,0
¤ì‚¬68ab36aa,1.923,,,,0,0,,0
¤ì‚¬68ab36ab,1.462,0,0,,0,3,6,2
¤ì‚¬68ab36ba,1.462,150,343,51,5,37,656,50
¤ì‚¬68ab36bb,1.462,0,0,,2,1,7,7
¤ì‚¬68ab37aa,0.947,238,507,57,3,23,1061,93
¤ì‚¬68ab37ab,0.564,414,1077,177,4,36,2118,149
¤ì‚¬68ab37ba,0.837,214,517,97,2,33,1077,81
¤ì‚¬68ab37bb,0.837,517,954,66,3,110,2014,361
¤ì‚¬68ab38aa,0.837,717,1573,228,7,148,3318,462
¤ì‚¬68ab38ab,0.624,304,968,197,4,31,2124,101
¤ì‚¬68ab38ba,0.624,562,1391,232,6,52,2753,194
¤ì‚¬68ab38bb,0.376,500,1110,145,7,51,2221,252
¤ì‚¬68ab39aa,0.827,67,135,6,1,18,299,61
¤ì‚¬68ab39ab,1.08,,,,0,1,,0
¤ì‚¬68ab39ba,1.299,,,,0,0,,0
¤ì‚¬68ab39bb,1.299,,,,0,1,,0
¤ì‚¬68ab40aa,1.933,,,,0,6,,12
¤ì‚¬68ab40ab,1.42,0,0,,2,4,9,2
¤ì‚¬68ab40ba,1.805,52,501,41,0,0,974,0
¤ì‚¬68ab40bb,1.899,81,465,168,0,0,911,0
¤ì‚¬68ab41aa,1.899,35,175,55,0,0,348,0
¤ì‚¬68ab41ab,1.899,316,984,262,0,0,1901,0
¤ì‚¬68ab41ba,0.518,40,250,50,0,0,459,0
¤ì‚¬68ba28bb,3.948,,,,0,0,,0
¤ì‚¬68ba29aa,3.948,,,,0,0,,0
¤ì‚¬68ba29ab,3.914,,,,0,0,,0
¤ì‚¬68ba29ba,4.585,,,,0,0,,0
¤ì‚¬68ba29bb,2.342,109,410,47,3,12,848,56
¤ì‚¬68ba30aa,2.342,281,779,130,6,28,1564,108
¤ì‚¬68ba30ab,2.342,147,505,110,3,6,1034,44
¤ì‚¬68ba30ba,1.977,90,313,43,1,6,625,41
¤ì‚¬68ba30bb,1.977,119,350,55,2,4,691,53
¤ì‚¬68ba31aa,2.302,,,,0,0,,0
¤ì‚¬68ba31ab,2.058,,,,0,0,,0
¤ì‚¬68ba31ba,2.295,,,,0,0,,0
¤ì‚¬68ba31bb,2.295,,,,0,14,,0
¤ì‚¬68ba32aa,2.854,,,,0,0,,0
¤ì‚¬68ba32ab,2.854,,,,0,0,,0
¤ì‚¬68ba32ba,2.854,,,,0,0,,0
¤ì‚¬68ba32bb,4.301,,,,0,0,,0
¤ì‚¬68ba33aa,3.293,,,,0,0,,0
¤ì‚¬68ba33ab,3.293,,,,0,0,,0
¤ì‚¬68ba33ba,3.293,,,,0,0,,0
¤ì‚¬68ba33bb,2.761,,,,0,0,,0
¤ì‚¬68ba34aa,1.844,146,392,78,2,16,729,17
¤ì‚¬68ba34ab,1.844,192,570,109,2,0,1101,33
¤ì‚¬68ba34ba,1.844,33,44,9,0,0,88,5
¤ì‚¬68ba34bb,2.309,234,611,102,1,0,1189,10
¤ì‚¬68ba35aa,1.441,32,150,53,0,0,276,0
¤ì‚¬68ba35ab,1.531,,,,0,0,,0
¤ì‚¬68ba35ba,1.598,,,,0,0,,0
¤ì‚¬68ba35bb,1.861,,,,0,0,,0
¤ì‚¬68ba36aa,1.643,,,,0,0,,0
¤ì‚¬68ba36ab,1.643,66,188,28,0,12,407,24
¤ì‚¬68ba36ba,1.643,130,322,51,1,19,718,62
¤ì‚¬68ba36bb,1.104,234,766,200,1,13,1554,41
¤ì‚¬68ba37aa,0.929,,,,0,0,,1
¤ì‚¬68ba37ab,0.803,73,167,24,0,4,319,12
¤ì‚¬68ba37ba,1.139,342,814,137,5,82,1681,151
¤ì‚¬68ba37bb,1.139,42,84,0,4,37,247,187
¤ì‚¬68ba38aa,1.139,530,1019,85,4,64,2260,441
¤ì‚¬68ba38ab,0.75,751,1435,128,8,92,2950,547
¤ì‚¬68ba38ba,0.75,141,390,72,3,40,751,60
¤ì‚¬68ba38bb,0.75,344,950,177,5,63,1895,80
¤ì‚¬68ba39aa,0.37,49,151,41,2,5,312,7
¤ì‚¬68ba39ab,1.149,525,1888,472,0,0,3662,0
¤ì‚¬68ba39ba,1.299,142,556,154,0,0,1081,0
¤ì‚¬68ba39bb,2.285,,,,0,0,,0
¤ì‚¬68ba40aa,1.32,13,28,13,0,9,66,5
¤ì‚¬68ba40ab,1.32,223,681,148,0,0,1372,0
¤ì‚¬68ba40ba,1.32,203,647,150,0,0,1280,0
¤ì‚¬68ba40bb,1.899,237,1528,638,0,0,3005,0
¤ì‚¬68ba41aa,1.899,57,382,170,0,1,759,0
¤ì‚¬68ba41ab,1.899,491,984,90,0,0,1941,0
¤ì‚¬68ba41ba,0.518,923,1582,113,0,0,3013,0
¤ì‚¬68bb29aa,3.73,,,,0,0,,0
¤ì‚¬68bb29ab,3.73,,,,0,0,,0
¤ì‚¬68bb29ba,4.585,,,,0,0,,0
¤ì‚¬68bb29bb,2.342,,,,1,0,,0
¤ì‚¬68bb30aa,2.342,41,157,13,2,7,312,28
¤ì‚¬68bb30ab,3.045,77,204,20,0,0,385,12
¤ì‚¬68bb30ba,2.903,,,,0,0,,1
¤ì‚¬68bb30bb,2.788,,,,0,0,,0
¤ì‚¬68bb31aa,2.56,,,,1,0,,0
¤ì‚¬68bb31ab,2.315,,,,0,0,,0
¤ì‚¬68bb31ba,2.315,0,0,0,0,2,10,7
¤ì‚¬68bb31bb,3.28,29,104,21,0,3,215,4
¤ì‚¬68bb32aa,3.28,,,,0,0,,0
¤ì‚¬68bb32ab,3.28,,,,0,0,,0
¤ì‚¬68bb32ba,4.023,,,,0,0,,0
¤ì‚¬68bb32bb,4.301,,,,0,0,,0
¤ì‚¬68bb33aa,3.293,,,,0,0,,0
¤ì‚¬68bb33ab,2.98,,,,0,0,,0
¤ì‚¬68bb33ba,2.98,,,,0,0,,0
¤ì‚¬68bb33bb,2.98,,,,0,0,,0
¤ì‚¬68bb34aa,2.013,130,473,131,1,0,884,22
¤ì‚¬68bb34ab,2.013,197,560,106,2,0,1084,27
¤ì‚¬68bb34ba,2.013,12,18,0,0,0,37,8
¤ì‚¬68bb34bb,2.309,158,453,123,0,0,894,1
¤ì‚¬68bb35aa,1.441,182,797,226,1,0,1556,1
¤ì‚¬68bb35ab,1.49,,,,1,0,,0
¤ì‚¬68bb35ba,1.598,,,,0,0,,0
¤ì‚¬68bb35bb,12.458,,,,0,0,,0
¤ì‚¬68bb36aa,1.643,,,,0,0,,0
¤ì‚¬68bb36ab,1.643,108,260,28,1,14,529,25
¤ì‚¬68bb36ba,1.643,298,696,104,5,22,1404,78
¤ì‚¬68bb36bb,1.104,254,480,51,3,22,969,114
¤ì‚¬68bb37aa,0.929,,,,0,0,,1
¤ì‚¬68bb37ab,2.016,212,747,217,0,2,1506,17
¤ì‚¬68bb37ba,1.383,142,590,182,4,71,1164,0
¤ì‚¬68bb37bb,1.383,13,22,0,2,83,70,210
¤ì‚¬68bb38aa,1.383,271,754,80,3,20,1741,166
¤ì‚¬68bb38ab,1.027,611,1242,128,3,47,2505,296
¤ì‚¬68bb38ba,0.75,36,83,16,3,57,173,2
¤ì‚¬68bb38bb,0.75,,,,4,86,,0
¤ì‚¬68bb39aa,0.458,269,871,192,1,45,1668,19
¤ì‚¬68bb39ab,0.458,563,2019,531,0,0,3871,0
¤ì‚¬68bb39ba,1.299,212,692,166,0,0,1345,0
¤ì‚¬68bb39bb,2.285,,,,0,0,,0
¤ì‚¬68bb40aa,1.32,,,,0,0,,0
¤ì‚¬68bb40ab,1.32,22,76,16,0,0,150,0
¤ì‚¬68bb40ba,1.32,26,140,40,0,0,280,0
¤ì‚¬68bb40bb,0.453,105,903,476,0,0,1740,0
¤ì‚¬68bb41aa,0.453,53,404,182,0,0,809,0
¤ì‚¬68bb41ab,0.453,,,,0,0,,0
¤ì‚¬68bb41ba,0.518,,,,0,0,,0
¤ì‚¬69aa29aa,3.73,,,,0,0,,0
¤ì‚¬69aa29ab,3.73,,,,0,0,0,1
¤ì‚¬69aa29ba,4.314,,,,0,0,,0
¤ì‚¬69aa29bb,4.314,,,,0,0,,0
¤ì‚¬69aa30aa,4.585,,,,0,0,,0
¤ì‚¬69aa30ab,3.045,,,,0,0,,0
¤ì‚¬69aa30ba,3.712,,,,1,0,,1
¤ì‚¬69aa30bb,2.788,,0,,0,0,0,1
¤ì‚¬69aa31aa,2.788,,,,0,0,,0
¤ì‚¬69aa31ab,2.678,0,0,,1,0,7,4
¤ì‚¬69aa31ba,2.678,56,143,42,5,8,309,35
¤ì‚¬69aa31bb,3.37,,,,0,0,0,1
¤ì‚¬69aa32aa,3.37,0,57,30,0,0,113,0
¤ì‚¬69aa32ab,3.37,13,145,54,0,0,274,0
¤ì‚¬69aa32ba,3.662,,,,0,0,,0
¤ì‚¬69aa32bb,4.301,,,,0,0,,0
¤ì‚¬69aa33aa,3.757,,,,0,0,,0
¤ì‚¬69aa33ab,3.757,,,,0,0,,0
¤ì‚¬69aa33ba,3.757,,,,0,0,,0
¤ì‚¬69aa33bb,3.524,0,7,0,0,0,25,6
¤ì‚¬69aa34aa,2.715,0,17,0,0,0,46,8
¤ì‚¬69aa34ab,2.715,102,269,46,0,0,522,20
¤ì‚¬69aa34ba,2.715,16,34,0,0,0,57,1
¤ì‚¬69aa34bb,2.309,246,503,43,0,0,903,0
¤ì‚¬69aa35aa,0.249,135,377,47,5,0,809,0
¤ì‚¬69aa35ab,0.249,66,244,45,2,0,491,0
¤ì‚¬69aa35ba,0.249,,0,0,1,0,15,0
¤ì‚¬69aa35bb,12.458,,,,0,0,,0
¤ì‚¬69aa36aa,1.643,,,,0,0,,0
¤ì‚¬69aa36ab,1.643,56,90,12,1,5,208,8
¤ì‚¬69aa36ba,1.643,704,1915,403,3,15,3810,70
¤ì‚¬69aa36bb,1.104,188,453,82,3,18,923,71
¤ì‚¬69aa37aa,0.929,222,700,181,1,8,1383,21
¤ì‚¬69aa37ab,2.016,26,101,29,1,6,202,0
¤ì‚¬69aa37ba,1.383,73,341,114,1,9,688,0
¤ì‚¬69aa37bb,1.338,,,,3,57,0,6
¤ì‚¬69aa38aa,1.338,88,228,39,5,46,492,190
¤ì‚¬69aa38ab,1.338,804,1891,316,0,7,3690,31
¤ì‚¬69aa38ba,0.515,155,391,74,2,0,761,6
¤ì‚¬69aa38bb,0.854,,,,2,24,,3
¤ì‚¬69aa39aa,0.854,60,88,9,7,29,189,33
¤ì‚¬69aa39ab,0.854,29,87,10,6,58,178,379
¤ì‚¬69aa39ba,0.587,19,47,0,5,56,91,389
¤ì‚¬69aa39bb,2.285,,0,0,0,7,6,56
¤ì‚¬69aa40aa,1.32,,,,0,0,,0
¤ì‚¬69aa40ab,1.32,,,,0,0,,0
¤ì‚¬69aa40ba,1.32,0,15,0,0,0,27,0
¤ì‚¬69aa40bb,0.453,85,303,98,0,0,602,0
¤ì‚¬69aa41aa,0.453,148,535,173,0,0,1045,0
¤ì‚¬69aa41ab,0.453,172,898,366,0,0,1799,0
¤ì‚¬69aa41ba,0.808,91,625,259,0,0,1275,0
¤ì‚¬69ab29ab,3.73,,,,0,0,,0
¤ì‚¬69ab29ba,3.69,,,,0,0,,0
¤ì‚¬69ab29bb,4.314,,,,0,0,,0
¤ì‚¬69ab30aa,4.256,,,,0,0,,0
¤ì‚¬69ab30ab,3.045,,,,0,0,,0
¤ì‚¬69ab30ba,3.712,,,,0,0,,0
¤ì‚¬69ab30bb,3.712,,,,0,0,,0
¤ì‚¬69ab31aa,3.712,,,,0,0,,0
¤ì‚¬69ab31ab,3.074,,,,0,0,,0
¤ì‚¬69ab31ba,3.074,,,,0,0,,1
¤ì‚¬69ab31bb,3.546,0,0,,0,52,0,2
¤ì‚¬69ab32aa,3.546,14,25,0,0,3,49,2
¤ì‚¬69ab32ab,3.546,,,,0,0,,0
¤ì‚¬69ab32ba,4.257,,,,0,0,,0
¤ì‚¬69ab32bb,4.461,,,,0,0,,0
¤ì‚¬69ab33aa,3.757,,,,0,0,,0
¤ì‚¬69ab33ab,3.757,,,,0,0,,0
¤ì‚¬69ab33ba,3.37,,,,0,0,,0
¤ì‚¬69ab33bb,3.37,10,21,,0,2,62,8
¤ì‚¬69ab34aa,3.37,164,415,69,1,0,809,10
¤ì‚¬69ab34ab,2.715,,,,0,0,,0
¤ì‚¬69ab34ba,2.715,,,,0,0,,0
¤ì‚¬69ab34bb,2.704,10,132,56,0,0,262,0
¤ì‚¬69ab35aa,0.249,234,718,220,1,0,1413,0
¤ì‚¬69ab35ab,2.338,0,38,18,3,0,74,0
¤ì‚¬69ab35ba,3.156,,,,0,0,,0
¤ì‚¬69ab35bb,3.232,,,,0,1,,0
¤ì‚¬69ab36aa,1.933,,,,0,0,,0
¤ì‚¬69ab36ab,1.933,,,,0,0,,0
¤ì‚¬69ab36ba,1.933,182,503,94,0,0,1006,6
¤ì‚¬69ab36bb,2.157,76,227,42,1,6,442,15
¤ì‚¬69ab37aa,1.787,31,111,31,0,1,246,0
¤ì‚¬69ab37ab,2.016,67,171,26,2,18,383,85
¤ì‚¬69ab37ba,1.383,239,464,56,4,94,1042,432
¤ì‚¬69ab37bb,1.332,35,61,0,4,19,116,53
¤ì‚¬69ab38aa,1.332,443,612,37,5,86,1353,294
¤ì‚¬69ab38ab,1.332,238,506,72,1,8,1108,53
¤ì‚¬69ab38ba,0.92,0,0,,0,1,13,2
¤ì‚¬69ab38bb,0.854,78,195,45,0,22,397,24
¤ì‚¬69ab39aa,0.854,91,214,46,2,9,401,28
¤ì‚¬69ab39ab,0.854,0,8,,2,37,28,234
¤ì‚¬69ab39ba,0.203,630,1350,238,4,69,2712,335
¤ì‚¬69ab39bb,0.88,285,691,128,3,48,1427,276
¤ì‚¬69ab40aa,1.067,,,,0,0,0,0
¤ì‚¬69ab40ab,1.499,,,,0,0,,0
¤ì‚¬69ab40ba,0.899,,,,0,0,,0
¤ì‚¬69ab40bb,0.453,79,260,90,0,0,511,0
¤ì‚¬69ab41aa,0.453,260,715,215,0,0,1361,0
¤ì‚¬69ab41ab,0.761,229,1079,414,0,0,2084,0
¤ì‚¬69ab41ba,0.915,130,720,263,0,0,1402,0
¤ì‚¬69ba29bb,3.646,,,,0,0,,0
¤ì‚¬69ba30aa,5.537,,,,0,0,,0
¤ì‚¬69ba30ab,5.537,0,0,,0,0,0,2
¤ì‚¬69ba30ba,5.537,,,,0,0,,0
¤ì‚¬69ba30bb,3.712,,,,0,0,,0
¤ì‚¬69ba31aa,3.712,,,,0,0,,0
¤ì‚¬69ba31ab,6.126,,,,0,0,,0
¤ì‚¬69ba31ba,3.506,,,,0,0,,0
¤ì‚¬69ba31bb,3.546,,,,0,0,,0
¤ì‚¬69ba32aa,3.546,0,26,12,0,0,51,1
¤ì‚¬69ba32ab,3.546,,,,0,0,,0
¤ì‚¬69ba32ba,4.117,,,,0,0,,0
¤ì‚¬69ba32bb,4.461,,,,0,0,,0
¤ì‚¬69ba33aa,3.757,,,,0,0,,0
¤ì‚¬69ba33ab,3.757,,,,0,0,,0
¤ì‚¬69ba33ba,3.37,,,,0,1,,0
¤ì‚¬69ba33bb,3.37,20,71,13,1,13,174,10
¤ì‚¬69ba34aa,3.37,0,11,,1,4,22,6
¤ì‚¬69ba34ab,2.715,,,,0,0,,0
¤ì‚¬69ba34ba,2.715,,,,0,0,,0
¤ì‚¬69ba34bb,3.095,,,,0,0,,0
¤ì‚¬69ba35aa,0.682,286,840,178,2,0,1596,0
¤ì‚¬69ba35ab,2.338,192,669,215,0,0,1292,0
¤ì‚¬69ba35ba,3.156,0,9,,0,8,14,3
¤ì‚¬69ba35bb,3.232,0,0,,0,3,11,3
¤ì‚¬69ba36aa,1.933,,,,0,1,,0
¤ì‚¬69ba36ab,1.933,,,,0,0,,0
¤ì‚¬69ba36ba,1.933,,,,0,0,,0
¤ì‚¬69ba36bb,2.157,8,11,0,1,3,33,4
¤ì‚¬69ba37aa,0.925,428,1312,238,1,30,2613,85
¤ì‚¬69ba37ab,0.925,372,691,95,5,91,1511,557
¤ì‚¬69ba37ba,1.307,288,468,46,3,78,980,444
¤ì‚¬69ba37bb,1.332,320,590,54,2,79,1232,366
¤ì‚¬69ba38aa,1.332,773,1539,185,6,76,3123,337
¤ì‚¬69ba38ab,1.332,297,504,85,3,24,1215,101
¤ì‚¬69ba38ba,0.92,292,614,85,1,20,1195,63
¤ì‚¬69ba38bb,0.293,525,1263,224,5,32,2402,70
¤ì‚¬69ba39aa,0.293,576,1791,475,0,3,3491,10
¤ì‚¬69ba39ab,0.854,140,486,125,3,7,957,2
¤ì‚¬69ba39ba,0.756,32,82,13,1,1,157,7
¤ì‚¬69ba39bb,0.939,228,582,58,5,18,1199,83
¤ì‚¬69ba40aa,0.939,170,438,53,2,16,872,60
¤ì‚¬69ba40ab,1.499,202,369,28,1,0,730,26
¤ì‚¬69ba40ba,0.899,0,,,0,0,0,0
¤ì‚¬69ba40bb,0.899,,,,0,0,,0
¤ì‚¬69ba41aa,1.235,112,262,68,0,0,488,0
¤ì‚¬69ba41ab,1.235,147,428,119,0,0,839,0
¤ì‚¬69bb30ab,5.466,,,,0,0,,0
¤ì‚¬69bb30ba,5.466,,,,0,0,,0
¤ì‚¬69bb30bb,5.466,,,,0,0,,0
¤ì‚¬69bb31aa,5.75,,,,0,0,,0
¤ì‚¬69bb31ab,6.044,,,,0,0,,0
¤ì‚¬69bb31ba,3.506,,,,0,0,,0
¤ì‚¬69bb31bb,3.546,,,,0,0,,0
¤ì‚¬69bb32aa,3.546,,,,0,0,,0
¤ì‚¬69bb32ab,3.546,,,,0,0,,0
¤ì‚¬69bb32ba,4.117,,,,0,0,,0
¤ì‚¬69bb32bb,4.911,,,,0,0,,0
¤ì‚¬69bb33aa,3.972,,,,0,0,,0
¤ì‚¬69bb33ab,3.972,,,,0,1,,0
¤ì‚¬69bb33ba,3.37,7,28,,0,7,56,2
¤ì‚¬69bb33bb,3.37,,,,0,9,,3
¤ì‚¬69bb34aa,3.37,7,13,0,0,2,39,14
¤ì‚¬69bb34ab,3.721,,,,0,0,,0
¤ì‚¬69bb34ba,2.96,,,,0,0,,0
¤ì‚¬69bb34bb,3.095,489,1001,168,1,0,1889,0
¤ì‚¬69bb35aa,1.556,147,478,126,1,0,948,0
¤ì‚¬69bb35ab,1.556,,,,0,0,,0
¤ì‚¬69bb35ba,1.556,,,,0,0,,0
¤ì‚¬69bb35bb,3.232,,,,0,0,0,0
¤ì‚¬69bb36aa,1.933,,,,0,0,,0
¤ì‚¬69bb36ab,1.933,,,,0,0,,0
¤ì‚¬69bb36ba,1.933,,,,0,0,,0
¤ì‚¬69bb36bb,1.626,,,,0,8,,6
¤ì‚¬69bb37aa,1.108,41,128,13,1,9,243,34
¤ì‚¬69bb37ab,1.108,546,1191,128,6,83,2478,290
¤ì‚¬69bb37ba,0.415,429,1005,114,4,66,2070,244
¤ì‚¬69bb37bb,1.332,405,840,117,5,41,1735,208
¤ì‚¬69bb38aa,1.332,433,1100,178,3,24,2177,82
¤ì‚¬69bb38ab,1.332,170,346,43,6,40,778,49
¤ì‚¬69bb38ba,0.92,839,1671,180,3,70,3322,251
¤ì‚¬69bb38bb,0.293,566,1223,138,4,56,2474,232
¤ì‚¬69bb39aa,0.679,332,812,131,2,31,1627,124
¤ì‚¬69bb39ab,0.51,117,283,38,2,13,532,44
¤ì‚¬69bb39ba,0.51,257,461,56,2,20,934,114
¤ì‚¬69bb39bb,0.51,424,1154,199,4,27,2309,99
¤ì‚¬69bb40aa,1.837,128,241,16,0,4,478,30
¤ì‚¬69bb40ab,1.542,70,196,25,1,5,385,22
¤ì‚¬69bb40ba,1.162,,,,0,0,,0
¤ì‚¬69bb40bb,2.538,,,,0,0,,0
¤ì‚¬69bb41aa,1.235,,,,0,0,,0
¤ì‚¬69bb41ab,1.235,,,,0,0,,0
¤ì‚¬70aa30bb,5.466,,,,0,0,,0
¤ì‚¬70aa31aa,5.75,,,,0,0,,0
¤ì‚¬70aa31ab,6.133,,,,0,0,,0
¤ì‚¬70aa31ba,3.958,,,,0,0,,0
¤ì‚¬70aa31bb,4.272,,,,0,0,,0
¤ì‚¬70aa32aa,4.493,,,,0,0,,0
¤ì‚¬70aa32ab,4.493,,,,0,0,,0
¤ì‚¬70aa32ba,4.493,,,,0,0,,0
¤ì‚¬70aa32bb,5.322,,,,0,0,,0
¤ì‚¬70aa33aa,5.322,,,,0,0,,0
¤ì‚¬70aa33ab,5.322,,,,0,0,,0
¤ì‚¬70aa33ba,4.239,,0,,0,0,0,0
¤ì‚¬70aa33bb,4.239,0,0,,0,4,0,1
¤ì‚¬70aa34aa,3.904,,,,0,2,,0
¤ì‚¬70aa34ab,4.011,,,,0,0,,0
¤ì‚¬70aa34ba,3.461,42,85,10,0,0,138,0
¤ì‚¬70aa34bb,3.465,210,541,120,1,0,1092,0
¤ì‚¬70aa35aa,1.56,,,,0,0,,0
¤ì‚¬70aa35ab,1.56,,,,0,0,,0
¤ì‚¬70aa35ba,1.56,0,,,0,2,0,1
¤ì‚¬70aa35bb,1.28,,,,0,0,,0
¤ì‚¬70aa36aa,2.075,,,,0,0,,0
¤ì‚¬70aa36ab,2.075,,,,0,0,,0
¤ì‚¬70aa36ba,2.075,,,,0,0,,0
¤ì‚¬70aa36bb,1.145,,,,0,0,,0
¤ì‚¬70aa37aa,0.663,131,389,68,2,20,814,59
¤ì‚¬70aa37ab,0.637,568,1473,242,2,64,3183,226
¤ì‚¬70aa37ba,0.637,585,1402,202,5,93,2976,422
¤ì‚¬70aa37bb,0.39,528,1313,187,6,51,2680,295
¤ì‚¬70aa38aa,0.39,257,654,120,8,59,1340,112
¤ì‚¬70aa38ab,0.39,45,71,0,3,90,222,12
¤ì‚¬70aa38ba,0.427,580,1303,161,4,51,2623,220
¤ì‚¬70aa38bb,0.672,388,964,117,6,40,1927,144
¤ì‚¬70aa39aa,0.49,577,1454,220,2,22,2790,121
¤ì‚¬70aa39ab,0.49,423,1014,165,3,43,1947,123
¤ì‚¬70aa39ba,0.49,490,1053,108,5,39,1992,157
¤ì‚¬70aa39bb,0.51,687,1555,236,5,41,3045,214
¤ì‚¬70aa40aa,0.517,283,693,113,4,25,1373,97
¤ì‚¬70aa40ab,1.837,,0,,0,0,0,1
¤ì‚¬70aa40ba,2.281,,,,0,0,,0
¤ì‚¬70aa40bb,2.538,,,,0,0,,0
¤ì‚¬70aa41aa,1.235,,,,0,0,,0
¤ì‚¬70aa41ab,1.235,,,,0,0,,0
¤ì‚¬70ab31aa,5.75,,,,0,0,,0
¤ì‚¬70ab31ab,6.699,,,,0,0,,0
¤ì‚¬70ab31ba,4.401,,,,0,0,,0
¤ì‚¬70ab31bb,4.272,,,,0,0,,0
¤ì‚¬70ab32aa,4.493,,,,0,0,,0
¤ì‚¬70ab32ab,5.678,,,,0,0,,0
¤ì‚¬70ab32ba,5.678,,,,0,0,,0
¤ì‚¬70ab32bb,5.322,,,,0,0,,0
¤ì‚¬70ab33aa,5.322,,,,0,0,,0
¤ì‚¬70ab33ab,5.322,0,,,0,0,0,0
¤ì‚¬70ab33ba,4.878,,,,0,0,,0
¤ì‚¬70ab33bb,4.239,,,,0,0,,1
¤ì‚¬70ab34aa,3.904,,,,0,0,,0
¤ì‚¬70ab34ab,4.011,,,,0,0,,0
¤ì‚¬70ab34ba,1.349,232,597,111,0,0,1114,0
¤ì‚¬70ab34bb,3.465,115,239,25,0,0,424,0
¤ì‚¬70ab35aa,1.56,,,,0,0,,0
¤ì‚¬70ab35ab,1.56,,,,0,0,,0
¤ì‚¬70ab35ba,1.56,,,,0,0,,0
¤ì‚¬70ab35bb,1.28,0,0,,0,0,8,0
¤ì‚¬70ab36aa,2.182,,,,0,0,,0
¤ì‚¬70ab36ab,2.182,,,,0,4,,0
¤ì‚¬70ab36ba,2.019,,,,0,0,,0
¤ì‚¬70ab36bb,1.145,,,,0,0,,0
¤ì‚¬70ab37aa,0.514,145,384,61,2,18,866,85
¤ì‚¬70ab37ab,0.637,370,1042,204,3,44,2248,168
¤ì‚¬70ab37ba,0.637,477,1256,215,2,92,2721,385
¤ì‚¬70ab37bb,0.345,535,1096,150,6,76,2282,373
¤ì‚¬70ab38aa,0.345,432,935,116,6,53,1957,194
¤ì‚¬70ab38ab,0.345,,,,3,103,,0
¤ì‚¬70ab38ba,0.427,332,936,135,9,60,1931,139
¤ì‚¬70ab38bb,0.672,477,1220,176,3,43,2469,185
¤ì‚¬70ab39aa,0.49,397,1002,158,6,36,1980,163
¤ì‚¬70ab39ab,0.49,330,905,144,2,7,1844,59
¤ì‚¬70ab39ba,0.49,765,1820,251,5,21,3576,160
¤ì‚¬70ab39bb,0.502,493,1005,142,2,32,1971,168
¤ì‚¬70ab40aa,0.517,184,448,74,2,11,873,59
¤ì‚¬70ab40ab,0.931,80,183,15,2,12,366,36
¤ì‚¬70ab40ba,1.837,,,,0,0,,3
¤ì‚¬70ab40bb,2.257,,,,0,0,,0
¤ì‚¬70ab41aa,2.257,,,,0,0,,0
¤ì‚¬70ab41ab,2.257,,,,0,0,,0
¤ì‚¬70ba31ab,6.475,,,,0,0,,0
¤ì‚¬70ba31ba,6.475,,,,0,0,,0
¤ì‚¬70ba31bb,6.643,,,,0,0,,0
¤ì‚¬70ba32aa,4.493,,,,0,0,,0
¤ì‚¬70ba32ab,5.714,,,,0,0,,0
¤ì‚¬70ba32ba,5.476,,,,0,0,,0
¤ì‚¬70ba32bb,5.476,,,,0,0,,0
¤ì‚¬70ba33aa,5.476,,,,0,0,,0
¤ì‚¬70ba33ab,5.261,,,,0,0,,0
¤ì‚¬70ba33ba,4.914,,,,0,0,,0
¤ì‚¬70ba33bb,3.904,,,,0,0,,0
¤ì‚¬70ba34aa,3.904,,,,0,0,,0
¤ì‚¬70ba34ab,4.011,,,,0,0,,0
¤ì‚¬70ba34ba,10.051,132,179,10,1,0,346,2
¤ì‚¬70ba34bb,3.465,0,,,1,0,0,1
¤ì‚¬70ba35aa,1.56,,,,0,0,,0
¤ì‚¬70ba35ab,1.56,0,0,,0,0,0,1
¤ì‚¬70ba35ba,1.56,,,,0,0,,0
¤ì‚¬70ba35bb,3.016,0,0,,0,1,8,0
¤ì‚¬70ba36aa,2.088,,,,0,4,,0
¤ì‚¬70ba36ab,2.088,,,,0,0,,0
¤ì‚¬70ba36ba,2.088,,,,0,5,,0
¤ì‚¬70ba36bb,0.944,,0,,2,1,0,8
¤ì‚¬70ba37aa,0.944,,0,,0,1,11,5
¤ì‚¬70ba37ab,0.637,,,,1,0,,6
¤ì‚¬70ba37ba,0.637,154,327,37,3,16,725,75
¤ì‚¬70ba37bb,0.345,614,1378,284,3,28,2752,121
¤ì‚¬70ba38aa,0.345,640,1186,197,3,54,2392,184
¤ì‚¬70ba38ab,0.345,68,173,28,3,71,327,3
¤ì‚¬70ba38ba,0.831,208,521,65,3,26,1067,94
¤ì‚¬70ba38bb,0.672,34,95,17,0,2,182,17
¤ì‚¬70ba39aa,0.49,540,1315,177,5,45,2612,266
¤ì‚¬70ba39ab,0.49,308,888,130,7,29,1771,121
¤ì‚¬70ba39ba,0.49,444,1140,139,1,16,2245,151
¤ì‚¬70ba39bb,0.502,499,1145,186,3,20,2343,114
¤ì‚¬70ba40aa,1.106,589,1163,154,4,39,2278,122
¤ì‚¬70ba40ab,1.106,339,748,85,3,26,1473,126
¤ì‚¬70ba40ba,1.282,165,422,75,0,3,808,25
¤ì‚¬70ba40bb,2.257,,,,0,0,,0
¤ì‚¬70ba41aa,2.257,,,,0,0,,0
¤ì‚¬70bb31ab,6.507,,,,0,0,,0
¤ì‚¬70bb31ba,6.475,,,,0,0,,0
¤ì‚¬70bb31bb,6.643,,,,0,0,,0
¤ì‚¬70bb32aa,7.989,,,,0,0,,0
¤ì‚¬70bb32ab,7.989,,,,0,0,,0
¤ì‚¬70bb32ba,7.989,,,,0,0,,0
¤ì‚¬70bb33aa,5.019,,,,0,0,,0
¤ì‚¬70bb33ab,5.019,,,,0,0,,0
¤ì‚¬70bb33ba,5.019,,,,0,0,,0
¤ì‚¬70bb33bb,4.958,,,,0,0,,0
¤ì‚¬70bb34aa,4.663,,,,0,0,,0
¤ì‚¬70bb34ab,10.051,,,,0,0,,0
¤ì‚¬70bb34ba,10.051,0,0,0,0,0,6,1
¤ì‚¬70bb34bb,4.395,,,,0,0,,0
¤ì‚¬70bb35aa,3.209,,,,0,0,,0
¤ì‚¬70bb35ab,3.016,,,,0,0,,0
¤ì‚¬70bb35ba,3.016,,,,0,0,,0
¤ì‚¬70bb35bb,3.016,0,0,,1,2,0,0
¤ì‚¬70bb36aa,2.303,18,22,0,0,2,50,2
¤ì‚¬70bb36ab,2.303,,,,0,0,,0
¤ì‚¬70bb36ba,2.088,,,,0,0,,0
¤ì‚¬70bb36bb,0.944,,,,0,3,,0
¤ì‚¬70bb37aa,0.944,,0,,1,0,0,13
¤ì‚¬70bb37ab,0.944,,,,0,4,0,2
¤ì‚¬70bb37ba,0.914,0,0,,0,0,0,0
¤ì‚¬70bb37bb,0.345,410,931,166,1,0,1756,6
¤ì‚¬70bb38aa,0.345,260,600,113,1,1,1173,6
¤ì‚¬70bb38ab,0.345,350,894,175,0,0,1768,9
¤ì‚¬70bb38ba,0.358,30,112,23,1,5,223,6
¤ì‚¬70bb38bb,1.578,111,601,61,2,20,901,7
¤ì‚¬70bb39aa,0.587,102,306,55,2,6,599,17
¤ì‚¬70bb39ab,0.502,358,1006,166,5,36,2058,167
¤ì‚¬70bb39ba,0.502,203,468,54,1,20,967,63
¤ì‚¬70bb39bb,0.502,439,1230,169,2,7,2456,80
¤ì‚¬70bb40aa,1.357,332,1027,191,2,9,1994,12
¤ì‚¬70bb40ab,1.357,486,1062,157,1,25,2138,120
¤ì‚¬70bb40ba,1.357,34,57,0,0,0,133,4
¤ì‚¬70bb40bb,2.257,,,,0,0,0,0
¤ì‚¬70bb41aa,2.257,,,,0,0,,0
¤ì‚¬70bb41ab,1.684,,,,0,0,,0
¤ì‚¬71aa31ba,6.475,,,,0,0,,0
¤ì‚¬71aa31bb,6.892,,,,0,0,,0
¤ì‚¬71aa32aa,7.231,,,,0,0,,0
¤ì‚¬71aa32ab,8.021,,,,0,0,,0
¤ì‚¬71aa33ba,5.019,,,,0,0,,0
¤ì‚¬71aa33bb,4.958,,,,0,0,,0
¤ì‚¬71aa34aa,9.474,,,,0,0,,0
¤ì‚¬71aa34ab,9.474,,,,0,0,,0
¤ì‚¬71aa34ba,9.376,,,,0,0,,0
¤ì‚¬71aa34bb,4.395,,,,0,0,,0
¤ì‚¬71aa35aa,3.209,,,,0,0,,0
¤ì‚¬71aa35ab,4.253,,,,0,0,,0
¤ì‚¬71aa35ba,4.253,,,,0,0,,0
¤ì‚¬71aa35bb,4.253,8,19,0,0,3,39,5
¤ì‚¬71aa36aa,4.005,44,102,23,1,14,224,7
¤ì‚¬71aa36ab,2.303,,,,0,0,,0
¤ì‚¬71aa36ba,2.088,,,,0,0,,0
¤ì‚¬71aa36bb,0.944,,,,0,4,0,5
¤ì‚¬71aa37aa,0.944,6,20,,0,0,91,5
¤ì‚¬71aa37ab,0.944,0,0,,0,0,0,3
¤ì‚¬71aa37ba,0.994,,,,0,0,,3
¤ì‚¬71aa37bb,0.994,0,25,0,0,3,61,15
¤ì‚¬71aa38aa,0.994,,11,,0,9,47,2
¤ì‚¬71aa38ab,0.145,,,,0,0,,1
¤ì‚¬71aa38ba,0.358,,,,0,0,,0
¤ì‚¬71aa38bb,1.189,131,422,97,1,11,779,0
¤ì‚¬71aa39aa,1.621,305,1059,287,0,0,2058,0
¤ì‚¬71aa39ab,1.621,,,,0,0,,0
¤ì‚¬71aa39ba,1.505,,,,1,4,,0
¤ì‚¬71aa39bb,1.505,,,,0,1,,1
¤ì‚¬71aa40aa,1.505,,,,0,0,,0
¤ì‚¬71aa40ab,1.6,,,,0,0,,0
¤ì‚¬71aa40ba,1.6,,,,0,0,,1
¤ì‚¬71aa40bb,2.241,,,,0,0,,0
¤ì‚¬71aa41aa,1.87,,,,0,0,,0
¤ì‚¬71aa41ab,1.684,,,,0,0,,0
¤ì‚¬71ab31ba,6.892,,,,0,0,,0
¤ì‚¬71ab31bb,6.892,,,,0,0,,0
¤ì‚¬71ab32aa,7.338,,,,0,0,,0
¤ì‚¬71ab34aa,9.485,,,,0,0,,0
¤ì‚¬71ab34ab,9.024,,,,0,0,,0
¤ì‚¬71ab34ba,9.024,,,,0,0,,0
¤ì‚¬71ab34bb,4.763,,,,0,0,,0
¤ì‚¬71ab35aa,3.824,,,,0,0,,0
¤ì‚¬71ab35ab,3.824,,,,0,0,,0
¤ì‚¬71ab35ba,4.253,,,,0,0,,0
¤ì‚¬71ab35bb,4.253,0,0,,0,0,0,0
¤ì‚¬71ab36aa,4.005,62,109,13,1,13,206,4
¤ì‚¬71ab36ab,2.303,,,,0,0,,0
¤ì‚¬71ab36ba,2.535,,,,0,0,,0
¤ì‚¬71ab36bb,1.93,0,,0,0,0,7,6
¤ì‚¬71ab37aa,1.087,0,0,,0,1,0,23
¤ì‚¬71ab37ab,0.953,,,,0,1,,3
¤ì‚¬71ab37ba,0.994,0,0,,0,1,9,14
¤ì‚¬71ab37bb,0.994,,,,0,0,0,4
¤ì‚¬71ab38aa,0.994,0,0,,0,1,7,3
¤ì‚¬71ab38ab,0.358,,0,,0,0,0,2
¤ì‚¬71ab38ba,0.358,,,,0,0,,0
¤ì‚¬71ab38bb,2.157,,,,0,0,,0
¤ì‚¬71ab39aa,1.841,,,,0,0,,0
¤ì‚¬71ab39ab,1.841,,,,0,0,,0
¤ì‚¬71ab39ba,1.841,,,,0,0,,0
¤ì‚¬71ab39bb,1.505,,,,0,0,,0
¤ì‚¬71ab40aa,1.505,,,,0,0,,0
¤ì‚¬71ab40ab,2.113,,,,0,0,,0
¤ì‚¬71ab40ba,2.113,,,,0,0,,0
¤ì‚¬71ab40bb,2.113,,,,0,0,,0
¤ì‚¬71ab41aa,2.241,0,0,,0,0,0,1
¤ì‚¬71ab41ab,1.684,,,,0,0,,1
¤ì‚¬71ab41ba,0.977,,,,0,0,,0
¤ì‚¬71ba35aa,3.824,,,,0,0,,0
¤ì‚¬71ba35ab,3.824,,,,0,0,,0
¤ì‚¬71ba35ba,3.269,,,,0,0,,0
¤ì‚¬71ba35bb,3.269,,,,0,0,,0
¤ì‚¬71ba36aa,4.005,12,20,0,0,4,49,5
¤ì‚¬71ba36ab,2.807,,,,0,0,,0
¤ì‚¬71ba36ba,2.173,,,,0,0,,0
¤ì‚¬71ba36bb,1.93,,,,0,0,0,6
¤ì‚¬71ba37aa,2.254,,,,0,1,0,13
¤ì‚¬71ba37ab,0.953,234,505,75,4,25,1045,51
¤ì‚¬71ba37ba,0.994,0,0,,0,0,0,9
¤ì‚¬71ba37bb,0.994,199,615,74,0,1,1338,20
¤ì‚¬71ba38aa,0.994,364,846,152,0,10,1678,17
¤ì‚¬71ba38ab,1.668,42,103,8,2,10,221,15
¤ì‚¬71ba38ba,1.387,73,147,16,0,5,281,15
¤ì‚¬71ba38bb,1.387,,,,0,0,,0
¤ì‚¬71ba39aa,1.841,,,,0,0,,0
¤ì‚¬71ba39ab,1.841,,,,0,0,,0
¤ì‚¬71ba39ba,1.841,,,,0,0,,0
¤ì‚¬71ba39bb,3.191,,,,0,0,,0
¤ì‚¬71ba40aa,1.505,,,,0,0,,0
¤ì‚¬71ba40ab,1.882,,,,0,0,,0
¤ì‚¬71ba40ba,1.882,,,,0,0,,0
¤ì‚¬71ba40bb,1.882,0,0,,0,0,0,1
¤ì‚¬71ba41aa,1.411,,,,0,0,,0
¤ì‚¬71ba41ab,1.411,,,,0,0,,0
¤ì‚¬71ba41ba,0.61,,,,0,0,,0
¤ì‚¬71ba41bb,0.708,,,,0,0,,0
¤ì‚¬71bb35aa,3.824,,,,0,0,,0
¤ì‚¬71bb35ab,3.824,,,,0,0,,0
¤ì‚¬71bb35ba,3.269,,,,1,0,,1
¤ì‚¬71bb35bb,3.269,,,,0,0,,0
¤ì‚¬71bb36aa,2.63,,,,0,4,,0
¤ì‚¬71bb36ab,2.44,,,,0,0,,0
¤ì‚¬71bb36ba,2.44,,,,0,0,,0
¤ì‚¬71bb36bb,2.44,,,,0,0,,0
¤ì‚¬71bb37aa,2.301,,,,1,0,,6
¤ì‚¬71bb37ab,1.959,80,132,11,0,10,273,19
¤ì‚¬71bb37ba,2.05,,0,0,0,0,0,1
¤ì‚¬71bb37bb,2.05,,,,0,0,,0
¤ì‚¬71bb38aa,2.05,82,230,54,2,3,466,2
¤ì‚¬71bb38ab,1.668,51,93,14,0,7,191,15
¤ì‚¬71bb38ba,1.434,19,50,8,4,2,108,5
¤ì‚¬71bb38bb,1.387,,,,0,0,,0
¤ì‚¬71bb39aa,1.841,,,,0,0,,0
¤ì‚¬71bb39ab,3.313,,,,0,0,,0
¤ì‚¬71bb39ba,3.313,,,,0,0,,0
¤ì‚¬71bb39bb,2.647,,,,0,0,,0
¤ì‚¬71bb40aa,2.647,,,,0,0,,0
¤ì‚¬71bb40ab,1.882,,,,0,0,,0
¤ì‚¬71bb40ba,1.882,,,,0,0,,0
¤ì‚¬71bb40bb,1.882,,,,0,0,,0
¤ì‚¬71bb41aa,1.411,,,,0,0,,0
¤ì‚¬71bb41ab,1.411,,,,0,0,,0
¤ì‚¬71bb41ba,0.61,,,,0,0,,0
¤ì‚¬72aa35aa,5.154,,,,0,0,,0
¤ì‚¬72aa35ab,3.713,,,,0,0,,0
¤ì‚¬72aa35ba,4.058,,,,0,0,,0
¤ì‚¬72aa35bb,4.058,,,,0,0,,0
¤ì‚¬72aa36aa,2.807,,,,0,0,,0
¤ì‚¬72aa36ab,2.44,,,,0,0,,0
¤ì‚¬72aa36ba,2.44,,,,0,0,,0
¤ì‚¬72aa36bb,2.44,,,,0,0,,0
¤ì‚¬72aa37aa,2.535,,,,0,0,,0
¤ì‚¬72aa37ab,1.959,,,,0,3,,0
¤ì‚¬72aa37ba,2.05,,,,0,0,,0
¤ì‚¬72aa37bb,2.05,,,,0,0,,0
¤ì‚¬72aa38aa,2.05,,,,0,0,,0
¤ì‚¬72aa38ab,1.668,,,,0,0,,0
¤ì‚¬72aa38ba,1.434,0,,,0,7,6,0
¤ì‚¬72aa38bb,1.967,,,,0,5,,0
¤ì‚¬72aa39aa,1.967,,,,0,0,,0
¤ì‚¬72aa39ab,3.313,,,,0,0,,0
¤ì‚¬72aa39ba,3.313,,,,0,0,,0
¤ì‚¬72aa39bb,2.647,,,,0,0,,0
¤ì‚¬72aa40aa,2.582,,,,0,0,,0
¤ì‚¬72aa40ab,1.882,,,,0,0,,0
¤ì‚¬72ab35ba,3.312,,,,0,0,,0
¤ì‚¬72ab35bb,3.312,,,,1,0,,0
¤ì‚¬72ab36aa,3.312,,,,0,0,,0
¤ì‚¬72ab36ab,2.44,,,,0,0,,0
¤ì‚¬72ab36ba,2.44,,,,0,0,,0
¤ì‚¬72ab36bb,2.44,,,,0,0,,0
¤ì‚¬72ab37aa,2.908,,,,0,0,,0
¤ì‚¬72ab37ab,2.908,,,,0,0,,0
¤ì‚¬72ab37ba,2.05,,,,0,0,,0
¤ì‚¬72ab37bb,2.05,,,,0,0,,0
¤ì‚¬72ab38aa,2.05,,,,0,0,,0
¤ì‚¬72ab38ab,1.434,,,,0,0,,0
¤ì‚¬72ab38ba,1.434,,,,0,0,,0
¤ì‚¬72ab38bb,1.967,,,,0,1,,0
¤ì‚¬72ab39aa,1.967,,,,0,0,,0
¤ì‚¬72ab39ab,3.313,,,,0,0,,0
¤ì‚¬72ab39ba,3.004,,,,0,0,,0
¤ì‚¬72ab39bb,2.647,,,,0,0,,0
¤ì‚¬72ba35bb,3.592,,,,0,0,,0
¤ì‚¬72ba36aa,3.592,,,,0,0,,0
¤ì‚¬72ba36ab,3.72,,,,0,0,,0
¤ì‚¬72ba36ba,5.796,,,,0,0,,0
¤ì‚¬72ba36bb,5.796,,,,0,0,,0
¤ì‚¬72ba37aa,2.908,,,,0,0,,0
¤ì‚¬72ba37ab,2.908,,,,0,0,,0
¤ì‚¬72ba37ba,2.168,,,,0,1,,0
¤ì‚¬72ba37bb,2.168,,,,0,0,,0
¤ì‚¬72ba38aa,2.168,,,,0,0,,0
¤ì‚¬72ba38ab,2.141,,,,0,0,,0
¤ì‚¬72ba38ba,2.02,,,,0,0,,0
¤ì‚¬72ba38bb,1.967,,,,0,0,,0
¤ì‚¬72ba39aa,1.967,,,,0,0,,0
¤ì‚¬72ba39ab,3.355,,,,0,0,,0
¤ì‚¬72ba39ba,3.239,,,,0,0,,0
¤ì‚¬72ba39bb,3.239,,,,0,0,,0
¤ì‚¬72bb35bb,3.592,,,,0,0,,0
¤ì‚¬72bb36aa,3.592,,,,0,0,,0
¤ì‚¬72bb36ab,3.72,,,,0,0,,0
¤ì‚¬72bb36ba,5.806,,,,0,0,,0
¤ì‚¬72bb36bb,3.316,,,,0,0,,0
¤ì‚¬72bb37aa,3.467,,,,0,0,,0
¤ì‚¬72bb37ab,3.467,,,,0,0,,0
¤ì‚¬72bb37ba,3.918,,,,0,0,,0
¤ì‚¬72bb37bb,3.918,,,,0,0,,0
¤ì‚¬72bb38aa,3.918,,,,0,0,,0
¤ì‚¬72bb38ab,2.434,,,,0,0,,0
¤ì‚¬72bb38ba,2.454,,,,0,0,,0
¤ì‚¬72bb38bb,5.871,,,,0,0,,0
¤ì‚¬72bb39aa,3.708,,,,0,0,,0
¤ì‚¬72bb39ab,3.708,,,,0,0,,0
¤ì‚¬72bb39ba,3.708,,,,0,0,,0
¤ì‚¬73aa36bb,3.698,,,,0,0,,0
¤ì‚¬73aa38aa,3.918,,,,0,0,,0
¤ì‚¬73aa38ab,6.019,,,,0,0,,0
¤ì‚¬73aa38ba,5.911,,,,0,0,,0
¤ì‚¬73aa38bb,5.911,,,,0,0,,0
¤ì‚¬73aa39aa,3.708,,,,0,0,,0
