gid,x1,x2,x3,x4,x5,x6,x7,x8
¤ì‚¬58aa30ab,8.15,,,,,,0,0
¤ì‚¬58aa30ba,8.15,,,,,,0,0
¤ì‚¬58aa30bb,4.124,,,,,,0,0
¤ì‚¬58aa31aa,8.942,,,,,,0,0
¤ì‚¬58ab30ab,8.15,,,,,,0,0
¤ì‚¬58ab30ba,8.15,6,7,0,2,2002.5,0,3
¤ì‚¬58ab30bb,8.748,,,,,,0,0
¤ì‚¬58ab31aa,8.942,,,,,,0,0
¤ì‚¬58ab31ab,8.942,,,,,,0,0
¤ì‚¬58ba30ab,7.768,,,,,,0,0
¤ì‚¬58ba30ba,8.15,,,,,,0,0
¤ì‚¬58ba30bb,8.522,,,,,,0,0
¤ì‚¬58ba31aa,8.942,,,,,,0,0
¤ì‚¬58ba31ab,8.942,,,,,,0,0
¤ì‚¬58ba31ba,8.942,,,,,,0,0
¤ì‚¬58ba31bb,5.178,,,,,,0,0
¤ì‚¬58bb30aa,7.768,,,,,,0,0
¤ì‚¬58bb30ab,7.768,0,0,,2,1971,0,10
¤ì‚¬58bb30ba,8.522,,,,,,0,0
¤ì‚¬58bb30bb,8.7,,,,,,0,0
¤ì‚¬58bb31aa,8.7,,,,,,0,0
¤ì‚¬58bb31ab,5.379,,,,,,0,0
¤ì‚¬58bb31ba,5.129,,,,,,0,0
¤ì‚¬58bb31bb,5.129,,,,,,0,0
¤ì‚¬58bb32aa,4.61,,,,,,0,0
¤ì‚¬58bb32ab,4.341,,,,,,0,0
¤ì‚¬59aa30aa,7.768,0,0,,2,1985.5,0,5
¤ì‚¬59aa30ab,7.768,0,0,,3,1976.33,0,4
¤ì‚¬59aa30ba,4.878,,,,,,0,0
¤ì‚¬59aa30bb,4.878,,,,,,0,0
¤ì‚¬59aa31aa,4.878,,,,,,0,0
¤ì‚¬59aa31ab,4.285,,,,,,0,0
¤ì‚¬59aa31ba,4.285,,,,,,0,0
¤ì‚¬59aa31bb,4.285,,,,,,0,0
¤ì‚¬59aa32aa,4.061,,,,,,0,0
¤ì‚¬59aa32ab,4.223,,,,,,0,0
¤ì‚¬59aa32ba,4.223,,,,,,0,0
¤ì‚¬59aa32bb,4.223,,,,,,0,0
¤ì‚¬59aa33aa,9.943,,,,,,0,0
¤ì‚¬59aa33ab,7.675,,,,,,0,0
¤ì‚¬59aa33ba,7.675,,,,,,0,0
¤ì‚¬59aa33bb,7.675,,,,,,0,0
¤ì‚¬59ab30aa,6.89,0,0,,3,1938,1,2
¤ì‚¬59ab30ab,6.89,0,0,,2,1979.5,0,0
¤ì‚¬59ab30ba,4.878,,,,,,0,0
¤ì‚¬59ab30bb,4.878,,,,,,0,0
¤ì‚¬59ab31aa,4.878,,,,,,0,0
¤ì‚¬59ab31ab,4.285,,,,,,0,0
¤ì‚¬59ab31ba,4.285,,,,,,0,0
¤ì‚¬59ab31bb,4.285,,,,,,0,0
¤ì‚¬59ab32aa,3.65,,,,,,0,0
¤ì‚¬59ab32ab,3.871,,,,,,0,0
¤ì‚¬59ab32ba,3.871,,,,,,0,0
¤ì‚¬59ab32bb,3.871,,,,,,0,0
¤ì‚¬59ab33aa,3.816,,,,,,0,0
¤ì‚¬59ab33ab,3.816,,,,,,0,0
¤ì‚¬59ab33ba,8.13,,,,,,0,0
¤ì‚¬59ab33bb,8.13,,,,,,0,0
¤ì‚¬59ab34ab,5.259,,,,,,0,0
¤ì‚¬59ab35aa,5.293,,,,,,0,0
¤ì‚¬59ab35ab,12.178,,,,,,0,0
¤ì‚¬59ab35ba,7.914,,,,,,0,0
¤ì‚¬59ab35bb,7.914,,,,,,0,0
¤ì‚¬59ab36aa,8.473,,,,,,0,0
¤ì‚¬59ab36ab,8.473,,,,,,0,0
¤ì‚¬59ab36ba,8.473,,,,,,0,0
¤ì‚¬59ba30aa,6.339,0,0,0,,,0,3
¤ì‚¬59ba30ab,6.89,,,,,,0,0
¤ì‚¬59ba30ba,4.878,,,,1,2010,0,0
¤ì‚¬59ba30bb,4.878,36,27,,8,2005.63,0,2
¤ì‚¬59ba31aa,4.878,,,,,,0,0
¤ì‚¬59ba31ab,4.285,0,6,0,5,1992.8,0,0
¤ì‚¬59ba31ba,4.285,,,,,,0,0
¤ì‚¬59ba31bb,4.285,,,,,,0,0
¤ì‚¬59ba32aa,3.65,,,,,,0,0
¤ì‚¬59ba32ab,3.946,,,,,,0,0
¤ì‚¬59ba32ba,2.968,,,,,,0,0
¤ì‚¬59ba32bb,2.968,,,,,,0,0
¤ì‚¬59ba33aa,3.816,,,,,,0,0
¤ì‚¬59ba33ab,3.816,,,,,,0,0
¤ì‚¬59ba33ba,8.49,,,,,,0,0
¤ì‚¬59ba33bb,8.49,,,,,,0,0
¤ì‚¬59ba34aa,5.519,,,,,,0,0
¤ì‚¬59ba34ab,5.519,,,,,,0,0
¤ì‚¬59ba34ba,12.374,,,,,,0,0
¤ì‚¬59ba35aa,12.374,,,,,,0,0
¤ì‚¬59ba35ab,12.178,,,,,,0,0
¤ì‚¬59ba35ba,7.707,,,,,,0,0
¤ì‚¬59ba35bb,8.151,,,,,,0,0
¤ì‚¬59ba36aa,8.151,,,,,,0,0
¤ì‚¬59ba36ab,8.151,,,,,,0,0
¤ì‚¬59ba36ba,8.394,,,,,,0,0
¤ì‚¬59ba36bb,5.092,,,,,,0,0
¤ì‚¬59bb29bb,6.541,0,0,,4,2009.75,0,4
¤ì‚¬59bb30aa,6.339,,,,,,0,0
¤ì‚¬59bb30ab,5.025,,,,,,0,0
¤ì‚¬59bb30ba,5.025,9,18,6,11,2002.45,0,21
¤ì‚¬59bb30bb,4.164,7,7,,4,2006,0,11
¤ì‚¬59bb31aa,3.953,0,8,0,14,2004.36,0,4
¤ì‚¬59bb31ab,4.028,0,8,0,14,1994.79,0,14
¤ì‚¬59bb31ba,4.028,0,0,,4,1958,0,0
¤ì‚¬59bb31bb,4.028,,,,,,0,8
¤ì‚¬59bb32aa,3.65,,,,,,0,0
¤ì‚¬59bb32ab,3.731,,,,,,0,0
¤ì‚¬59bb32ba,2.781,,,,,,0,0
¤ì‚¬59bb32bb,2.968,0,0,,4,2002,0,0
¤ì‚¬59bb33aa,8.922,,,,,,0,0
¤ì‚¬59bb33ab,8.922,,,,,,0,0
¤ì‚¬59bb33ba,8.922,,,,,,0,0
¤ì‚¬59bb33bb,8.871,,,,,,0,0
¤ì‚¬59bb34aa,8.794,,,,,,0,0
¤ì‚¬59bb34ab,5.711,,,,,,0,0
¤ì‚¬59bb34ba,12.374,,,,,,0,0
¤ì‚¬59bb34bb,12.374,,,,,,0,0
¤ì‚¬59bb35aa,12.374,,,,,,0,0
¤ì‚¬59bb35ab,7.711,,,,,,0,0
¤ì‚¬59bb35ba,7.254,,,,,,0,0
¤ì‚¬59bb35bb,7.254,,,,,,0,0
¤ì‚¬59bb36aa,7.813,,,,,,0,0
¤ì‚¬59bb36ab,7.813,,,,,,0,0
¤ì‚¬59bb36ba,7.394,,,,,,0,0
¤ì‚¬59bb36bb,5.092,,,,,,0,0
¤ì‚¬60aa29ba,7.025,0,0,,4,2002.75,0,1
¤ì‚¬60aa29bb,6.339,8,7,,25,2006.04,0,15
¤ì‚¬60aa30aa,6.339,,0,,8,2007,0,9
¤ì‚¬60aa30ab,5.025,,0,,2,2002.5,0,1
¤ì‚¬60aa30ba,5.025,,,,,,0,0
¤ì‚¬60aa30bb,4.4,,,,,,0,0
¤ì‚¬60aa31aa,4.4,,,,,,0,0
¤ì‚¬60aa31ab,4.4,,,,,,0,0
¤ì‚¬60aa31ba,3.953,,,,,,0,0
¤ì‚¬60aa31bb,3.708,,,,1,2000,0,6
¤ì‚¬60aa32aa,3.428,,,,,,0,0
¤ì‚¬60aa32ab,3.396,,,,,,0,0
¤ì‚¬60aa32ba,2.781,,0,,1,2006,0,23
¤ì‚¬60aa32bb,2.968,0,0,0,1,1984,1,0
¤ì‚¬60aa33aa,8.922,,,,1,2017,0,0
¤ì‚¬60aa33ab,8.922,,,,,,0,0
¤ì‚¬60aa33ba,8.922,,,,,,0,0
¤ì‚¬60aa33bb,8.871,,,,,,0,0
¤ì‚¬60aa34aa,9.1,,,,,,0,0
¤ì‚¬60aa34ab,9.998,,,,,,0,0
¤ì‚¬60aa34ba,7.456,,,,,,0,0
¤ì‚¬60aa34bb,7.456,,,,,,0,0
¤ì‚¬60aa35aa,7.456,,,,,,0,0
¤ì‚¬60aa35ab,6.544,,,,,,0,0
¤ì‚¬60aa35ba,6.544,,,,,,0,0
¤ì‚¬60aa35bb,6.544,,,,,,0,0
¤ì‚¬60aa36aa,7.254,,,,,,0,0
¤ì‚¬60aa36ab,6.537,,,,,,0,0
¤ì‚¬60aa36ba,6.483,,,,,,0,0
¤ì‚¬60aa36bb,4.869,,,,,,0,0
¤ì‚¬60ab29aa,5.571,,,,,,0,0
¤ì‚¬60ab29ab,5.571,,,,,,0,0
¤ì‚¬60ab29ba,5.571,7,13,0,11,2003,0,0
¤ì‚¬60ab29bb,5.954,0,0,,4,2005.75,0,0
¤ì‚¬60ab30aa,5.025,,,,,,0,0
¤ì‚¬60ab30ab,5.025,,,,,,0,0
¤ì‚¬60ab30ba,5.025,,,,,,0,0
¤ì‚¬60ab30bb,4.4,,,,,,0,0
¤ì‚¬60ab31aa,4.912,,,,,,0,0
¤ì‚¬60ab31ab,4.912,,,,,,0,0
¤ì‚¬60ab31ba,4.912,,,,,,0,0
¤ì‚¬60ab31bb,3.708,,,,,,0,0
¤ì‚¬60ab32aa,3.37,,,,,,0,0
¤ì‚¬60ab32ab,5.564,,,,,,0,0
¤ì‚¬60ab32ba,5.564,,,,1,,0,4
¤ì‚¬60ab32bb,2.885,,0,,14,1997.31,0,0
¤ì‚¬60ab33aa,8.922,,,,,,0,0
¤ì‚¬60ab33ab,8.922,,,,,,0,0
¤ì‚¬60ab33ba,8.922,,,,,,0,0
¤ì‚¬60ab33bb,9.15,,,,,,0,0
¤ì‚¬60ab34aa,9.338,,,,,,0,0
¤ì‚¬60ab34ab,9.998,,,,,,0,0
¤ì‚¬60ab34ba,9.998,,,,,,0,0
¤ì‚¬60ab34bb,7.789,,,,,,0,0
¤ì‚¬60ab35aa,7.615,,,,,,0,0
¤ì‚¬60ab35ab,6.901,,,,,,0,0
¤ì‚¬60ab35ba,6.901,,,,,,0,0
¤ì‚¬60ab35bb,6.544,,,,,,0,0
¤ì‚¬60ab36aa,6.255,,,,,,0,0
¤ì‚¬60ab36ab,6.537,,,,,,0,0
¤ì‚¬60ab36ba,6.483,,,,,,0,0
¤ì‚¬60ab36bb,6.301,,,,,,0,0
¤ì‚¬60ba29aa,5.571,,,,,,0,0
¤ì‚¬60ba29ab,5.571,0,0,,1,1968,0,0
¤ì‚¬60ba29ba,5.571,0,0,,,,0,0
¤ì‚¬60ba29bb,6.082,,,,,,0,0
¤ì‚¬60ba30aa,5.199,,,,,,0,0
¤ì‚¬60ba30ab,5.199,,,,,,0,0
¤ì‚¬60ba30ba,5.199,,,,,,0,0
¤ì‚¬60ba30bb,4.4,,,,,,0,0
¤ì‚¬60ba31aa,4.912,,,,,,0,0
¤ì‚¬60ba31ab,4.912,,,,,,0,0
¤ì‚¬60ba31ba,4.912,,,,,,0,0
¤ì‚¬60ba31bb,3.203,,,,,,0,0
¤ì‚¬60ba32aa,5.564,,,,,,0,0
¤ì‚¬60ba32ab,5.564,,,,,,0,0
¤ì‚¬60ba32ba,5.564,21,55,0,14,2005.86,0,14
¤ì‚¬60ba32bb,2.144,0,9,0,3,1987.67,0,0
¤ì‚¬60ba33aa,2.403,,,,,,0,0
¤ì‚¬60ba33ab,9.739,,,,,,0,0
¤ì‚¬60ba33ba,9.739,,,,,,0,0
¤ì‚¬60ba33bb,9.935,,,,,,0,0
¤ì‚¬60ba34aa,9.998,,,,,,0,0
¤ì‚¬60ba34ab,9.998,,,,,,0,0
¤ì‚¬60ba34ba,9.998,,,,,,0,0
¤ì‚¬60ba34bb,7.789,,,,,,0,0
¤ì‚¬60ba35aa,7.615,,,,,,0,0
¤ì‚¬60ba35ab,6.901,,,,,,0,0
¤ì‚¬60ba35ba,6.901,,,,,,0,0
¤ì‚¬60ba35bb,6.544,,,,,,0,0
¤ì‚¬60ba36aa,6.255,,,,,,0,0
¤ì‚¬60ba36ab,6.483,,,,,,0,0
¤ì‚¬60ba36ba,6.483,,,,,,0,0
¤ì‚¬60ba36bb,6.301,,,,,,0,0
¤ì‚¬60bb29aa,5.275,,0,,4,1993.5,1,0
¤ì‚¬60bb29ab,4.753,27,66,9,20,2007.1,1,0
¤ì‚¬60bb29ba,5.444,,,,,,0,0
¤ì‚¬60bb29bb,5.753,,,,,,0,0
¤ì‚¬60bb30aa,5.571,,,,,,0,0
¤ì‚¬60bb30ab,5.571,,,,,,0,0
¤ì‚¬60bb30ba,5.571,,,,,,0,0
¤ì‚¬60bb30bb,4.32,,,,1,1945,0,0
¤ì‚¬60bb31aa,4.912,,,,,,0,0
¤ì‚¬60bb31ab,2.927,,,,,,0,0
¤ì‚¬60bb31ba,2.927,,,,,,0,0
¤ì‚¬60bb31bb,2.927,,,,,,0,0
¤ì‚¬60bb32aa,5.564,,,,,,0,18
¤ì‚¬60bb32ab,5.564,0,0,,3,2006.33,0,0
¤ì‚¬60bb32ba,5.564,93,253,51,54,2008.46,0,29
¤ì‚¬60bb32bb,9.795,12,113,34,16,2017.5,0,0
¤ì‚¬60bb33aa,9.795,,,,,,0,0
¤ì‚¬60bb33ab,9.795,,,,,,0,0
¤ì‚¬60bb33ba,9.739,,,,,,0,0
¤ì‚¬60bb33bb,9.935,,,,,,0,0
¤ì‚¬60bb34aa,18.394,,,,,,0,0
¤ì‚¬60bb34ab,6.367,,,,,,0,0
¤ì‚¬60bb34ba,6.182,,,,,,0,0
¤ì‚¬60bb34bb,6.182,,,,,,0,0
¤ì‚¬60bb35aa,6.182,,,,,,0,0
¤ì‚¬60bb35ab,6.257,,,,,,0,0
¤ì‚¬60bb35ba,6.901,,,,,,0,0
¤ì‚¬60bb35bb,5.722,,,,,,0,0
¤ì‚¬60bb36aa,5.722,,,,,,0,0
¤ì‚¬60bb36ab,5.722,,,,,,0,0
¤ì‚¬60bb36ba,5.492,,,,,,0,0
¤ì‚¬60bb36bb,5.513,,,,,,0,0
¤ì‚¬61aa29aa,5.275,0,0,0,3,2001,0,0
¤ì‚¬61aa29ab,4.753,0,21,10,7,2004.57,0,0
¤ì‚¬61aa29ba,5.753,0,0,,,,0,0
¤ì‚¬61aa29bb,5.753,,,,,,0,0
¤ì‚¬61aa30aa,3.55,,,,,,0,0
¤ì‚¬61aa30ab,4.32,0,0,0,,,0,0
¤ì‚¬61aa30ba,4.32,,,,,,0,0
¤ì‚¬61aa30bb,4.32,0,0,,3,1928.33,0,4
¤ì‚¬61aa31aa,7.055,,,,1,1999,0,1
¤ì‚¬61aa31ab,7.345,,,,,,0,0
¤ì‚¬61aa31ba,7.345,,,,,,0,0
¤ì‚¬61aa31bb,7.345,,,,,,0,0
¤ì‚¬61aa32aa,2.6,,,,,,0,0
¤ì‚¬61aa32ab,1.505,,0,,2,2002,0,0
¤ì‚¬61aa32ba,1.505,65,223,40,41,2010.66,1,9
¤ì‚¬61aa32bb,1.505,28,109,23,22,2012.27,0,2
¤ì‚¬61aa33aa,9.795,,,,,,0,0
¤ì‚¬61aa33ab,9.795,,,,,,0,0
¤ì‚¬61aa33ba,9.739,,,,,,0,0
¤ì‚¬61aa33bb,9.935,,,,,,0,0
¤ì‚¬61aa34aa,18.394,,,,,,0,0
¤ì‚¬61aa34ab,5.867,,,,,,0,0
¤ì‚¬61aa34ba,5.867,,,,,,0,0
¤ì‚¬61aa34bb,5.867,,,,,,0,0
¤ì‚¬61aa35aa,6.182,,,,,,0,0
¤ì‚¬61aa35ab,6.123,,,,,,0,0
¤ì‚¬61aa35ba,5.432,,,,,,0,0
¤ì‚¬61aa35bb,5.432,,,,,,0,0
¤ì‚¬61aa36aa,5.432,,,,,,0,0
¤ì‚¬61aa36ab,5.342,,,,,,0,0
¤ì‚¬61aa36ba,5.355,,,,,,0,0
¤ì‚¬61aa36bb,5.355,,,,,,0,0
¤ì‚¬61ab29aa,4.173,0,0,,,,0,0
¤ì‚¬61ab29ab,4.753,,0,,,,0,0
¤ì‚¬61ab29ba,5.753,,,,,,0,0
¤ì‚¬61ab29bb,5.753,,,,,,0,1
¤ì‚¬61ab30aa,3.313,0,,,,,0,0
¤ì‚¬61ab30ab,3.313,,,,,,0,5
¤ì‚¬61ab30ba,3.313,,,,,,0,9
¤ì‚¬61ab30bb,6.695,,,,,,0,0
¤ì‚¬61ab31aa,6.903,,,,,,0,0
¤ì‚¬61ab31ab,7.345,,,,,,0,0
¤ì‚¬61ab31ba,7.345,,,,,,0,2
¤ì‚¬61ab31bb,7.345,,,,,,0,0
¤ì‚¬61ab32aa,1.546,,,,,,0,0
¤ì‚¬61ab32ab,1.505,36,291,86,1,2018,1,0
¤ì‚¬61ab32ba,1.505,14,67,15,43,2014.67,6,0
¤ì‚¬61ab32bb,1.505,45,168,45,9,2010,1,0
¤ì‚¬61ab33aa,9.795,,,,,,0,0
¤ì‚¬61ab33ab,9.795,,,,,,0,0
¤ì‚¬61ab33ba,10.065,,,,,,0,0
¤ì‚¬61ab33bb,18.394,,,,,,0,0
¤ì‚¬61ab34aa,18.394,,,,,,0,0
¤ì‚¬61ab34ab,5.867,,,,,,0,0
¤ì‚¬61ab34ba,5.867,,,,,,0,0
¤ì‚¬61ab34bb,5.867,,,,,,0,0
¤ì‚¬61ab35aa,6.182,,,,,,0,0
¤ì‚¬61ab35ab,5.98,,,,,,0,0
¤ì‚¬61ab35ba,5.978,,,,,,0,0
¤ì‚¬61ab35bb,5.432,,,,,,0,0
¤ì‚¬61ab36aa,5.432,,,,,,0,0
¤ì‚¬61ab36ab,5.342,,,,1,2006,0,0
¤ì‚¬61ab36ba,5.008,,,,,,0,0
¤ì‚¬61ab36bb,5.008,,,,,,0,0
¤ì‚¬61ba28bb,4.712,,,,,,0,0
¤ì‚¬61ba29aa,4.173,0,0,,3,1989,0,5
¤ì‚¬61ba29ab,3.982,,,,,,0,1
¤ì‚¬61ba29ba,3.982,,,,,,0,3
¤ì‚¬61ba29bb,3.55,,,,,,0,0
¤ì‚¬61ba30aa,3.313,,,,,,0,0
¤ì‚¬61ba30ab,3.313,,,,,,0,7
¤ì‚¬61ba30ba,3.313,,,,,,0,2
¤ì‚¬61ba30bb,3.29,,,,,,0,0
¤ì‚¬61ba31aa,6.903,,,,,,0,0
¤ì‚¬61ba31ab,7.345,,,,,,0,0
¤ì‚¬61ba31ba,7.345,,,,,,0,0
¤ì‚¬61ba31bb,7.345,,,,,,0,0
¤ì‚¬61ba32aa,7.653,,,,,,0,0
¤ì‚¬61ba32ab,1.505,9,86,26,35,2013.77,2,0
¤ì‚¬61ba32ba,1.876,28,115,37,53,2012.79,9,0
¤ì‚¬61ba32bb,1.876,25,110,29,5,2010,1,0
¤ì‚¬61ba33aa,1.876,,,,,,0,0
¤ì‚¬61ba33ab,2.142,,,,,,0,0
¤ì‚¬61ba33ba,18.387,,,,,,0,0
¤ì‚¬61ba33bb,18.387,,,,1,1998,0,0
¤ì‚¬61ba34aa,5.378,,,,,,0,0
¤ì‚¬61ba34ab,5.867,,,,,,0,0
¤ì‚¬61ba34ba,5.867,,,,,,0,0
¤ì‚¬61ba34bb,5.867,,,,,,0,0
¤ì‚¬61ba35aa,5.91,,,,,,0,0
¤ì‚¬61ba35ab,5.91,,,,,,0,0
¤ì‚¬61ba35ba,5.978,,,,,,0,0
¤ì‚¬61ba35bb,5.836,,,,,,0,0
¤ì‚¬61ba36aa,5.432,,,,,,0,0
¤ì‚¬61ba36ab,5.342,10,17,0,10,1996.2,0,5
¤ì‚¬61ba36ba,5.008,,,,,,0,0
¤ì‚¬61ba36bb,5.008,,,,,,0,0
¤ì‚¬61bb28bb,4.628,,,,,,0,1
¤ì‚¬61bb29aa,4.173,,,,,,0,0
¤ì‚¬61bb29ab,3.865,,,,,,0,0
¤ì‚¬61bb29ba,3.865,,,,,,1,16
¤ì‚¬61bb29bb,3.865,,,,,,0,13
¤ì‚¬61bb30aa,3.313,,,,,,1,15
¤ì‚¬61bb30ab,3.313,,,,,,0,15
¤ì‚¬61bb30ba,3.602,,,,,,0,2
¤ì‚¬61bb30bb,3.888,,,,,,0,4
¤ì‚¬61bb31aa,6.903,,,,,,0,0
¤ì‚¬61bb31ab,1.394,,,,,,0,0
¤ì‚¬61bb31ba,1.394,,,,2,2014.5,0,0
¤ì‚¬61bb31bb,1.394,21,79,14,1,2009,0,0
¤ì‚¬61bb32aa,7.653,,,,,,0,0
¤ì‚¬61bb32ab,7.653,30,193,85,28,2013.89,4,0
¤ì‚¬61bb32ba,1.876,71,309,106,62,2012.1,8,0
¤ì‚¬61bb32bb,1.876,37,99,26,5,2010,0,0
¤ì‚¬61bb33aa,1.876,,,,,,0,0
¤ì‚¬61bb33ab,2.142,,,,,,0,0
¤ì‚¬61bb33ba,18.387,,,,,,0,0
¤ì‚¬61bb33bb,18.387,,,,,,0,0
¤ì‚¬61bb34aa,5.378,,,,,,0,2
¤ì‚¬61bb34ab,5.378,,,,2,2005,0,6
¤ì‚¬61bb34ba,5.378,,,,,,0,0
¤ì‚¬61bb34bb,5.91,,,,,,0,0
¤ì‚¬61bb35aa,5.91,,,,,,0,0
¤ì‚¬61bb35ab,5.91,,,,,,0,0
¤ì‚¬61bb35ba,5.479,,,,,,0,0
¤ì‚¬61bb35bb,5.479,,,,,,0,0
¤ì‚¬61bb36aa,5.354,,,,,,0,0
¤ì‚¬61bb36ab,4.44,49,76,0,31,2006.1,0,9
¤ì‚¬61bb36ba,4.44,27,63,0,32,2004.59,0,0
¤ì‚¬61bb36bb,4.133,,,,,,0,0
¤ì‚¬62aa28ba,4.628,,,,,,0,0
¤ì‚¬62aa28bb,4.628,,,,,,0,0
¤ì‚¬62aa29aa,4.347,,,,,,0,0
¤ì‚¬62aa29ab,3.865,,,,,,0,0
¤ì‚¬62aa29ba,3.865,,,,,,0,0
¤ì‚¬62aa29bb,3.865,,,,,,0,0
¤ì‚¬62aa30aa,3.082,,,,,,0,5
¤ì‚¬62aa30ab,3.082,,,,,,0,4
¤ì‚¬62aa30ba,2.107,,,,,,0,5
¤ì‚¬62aa30bb,3.888,,,,,,0,0
¤ì‚¬62aa31aa,2.012,,,,,,0,0
¤ì‚¬62aa31ab,1.394,,,,,,0,0
¤ì‚¬62aa31ba,1.394,37,100,17,2,2009,2,0
¤ì‚¬62aa31bb,1.394,343,982,225,14,2009.64,0,0
¤ì‚¬62aa32aa,1.038,227,898,277,8,2009.75,5,0
¤ì‚¬62aa32ab,0.525,187,739,185,20,2009,4,0
¤ì‚¬62aa32ba,1.876,117,527,169,15,2008.27,2,0
¤ì‚¬62aa32bb,18.176,75,520,186,19,2009,4,0
¤ì‚¬62aa33aa,18.176,,,,,,0,0
¤ì‚¬62aa33ab,18.176,,,,,,0,0
¤ì‚¬62aa33ba,18.387,,,,2,1983,0,0
¤ì‚¬62aa33bb,3.182,0,0,,2,1987,0,1
¤ì‚¬62aa34aa,5.378,,,,,,0,0
¤ì‚¬62aa34ab,5.378,0,0,,11,2004.78,0,5
¤ì‚¬62aa34ba,5.378,,,,,,0,2
¤ì‚¬62aa34bb,5.22,,,,,,0,0
¤ì‚¬62aa35aa,5.91,,,,,,0,0
¤ì‚¬62aa35ab,5.91,,,,,,0,1
¤ì‚¬62aa35ba,5.479,,,,,,0,0
¤ì‚¬62aa35bb,5.479,,,,,,0,0
¤ì‚¬62aa36aa,5.121,,,,,,0,0
¤ì‚¬62aa36ab,4.44,14,35,0,17,2003.29,1,1
¤ì‚¬62aa36ba,4.44,22,43,0,23,2005.61,2,2
¤ì‚¬62aa36bb,4.133,6,12,0,23,2004.26,2,6
¤ì‚¬62aa37aa,4.248,17,32,7,12,2007,0,8
¤ì‚¬62aa37ab,4.248,0,0,,1,,0,0
¤ì‚¬62aa37ba,4.248,,,,,,0,0
¤ì‚¬62aa37bb,4.46,,,,,,0,0
¤ì‚¬62aa38aa,4.46,,,,,,0,0
¤ì‚¬62ab28aa,5.45,,,,,,0,0
¤ì‚¬62ab28ab,4.628,6,7,,2,1985.5,0,0
¤ì‚¬62ab28ba,4.628,,,,,,0,0
¤ì‚¬62ab28bb,4.628,,,,,,0,0
¤ì‚¬62ab29aa,3.832,,,,,,0,0
¤ì‚¬62ab29ab,3.865,,,,,,0,0
¤ì‚¬62ab29ba,3.865,,,,,,0,0
¤ì‚¬62ab29bb,3.865,,,,,,0,0
¤ì‚¬62ab30aa,3.082,,,,,,0,0
¤ì‚¬62ab30ab,3.082,0,10,,8,2011.13,0,0
¤ì‚¬62ab30ba,3.055,7,12,0,9,2013.67,0,3
¤ì‚¬62ab30bb,3.055,,,,1,2013,0,0
¤ì‚¬62ab31aa,3.055,,,,,,0,16
¤ì‚¬62ab31ab,1.394,,,,1,2007,0,3
¤ì‚¬62ab31ba,1.394,94,229,47,16,2008.69,0,2
¤ì‚¬62ab31bb,0.892,105,254,64,3,2010.33,1,0
¤ì‚¬62ab32aa,0.892,122,529,152,7,2009.43,2,0
¤ì‚¬62ab32ab,0.892,159,666,210,24,2009.38,1,0
¤ì‚¬62ab32ba,0.525,144,678,204,29,2009.76,4,0
¤ì‚¬62ab32bb,18.176,80,368,80,9,2009.11,4,0
¤ì‚¬62ab33aa,18.176,,,,,,0,0
¤ì‚¬62ab33ab,18.176,,,,,,0,0
¤ì‚¬62ab33ba,2.628,,,,,,0,0
¤ì‚¬62ab33bb,3.182,0,0,,1,2010,0,0
¤ì‚¬62ab34aa,3.182,,,,,,0,0
¤ì‚¬62ab34ab,5.22,,,,10,2000.83,0,5
¤ì‚¬62ab34ba,5.22,,,,,,0,0
¤ì‚¬62ab34bb,5.22,,,,,,0,0
¤ì‚¬62ab35aa,5.588,,,,,,0,0
¤ì‚¬62ab35ab,4.883,,,,,,0,0
¤ì‚¬62ab35ba,4.883,,,,,,0,0
¤ì‚¬62ab35bb,4.883,0,0,,1,2001,0,0
¤ì‚¬62ab36aa,6.677,,,,,,0,1
¤ì‚¬62ab36ab,6.677,0,0,,3,2017,0,0
¤ì‚¬62ab36ba,4.44,,,,,,0,0
¤ì‚¬62ab36bb,4.133,0,0,,6,1991.17,0,0
¤ì‚¬62ab37aa,4.248,19,31,0,18,1994.39,0,4
¤ì‚¬62ab37ab,4.248,,,,,,0,0
¤ì‚¬62ab37ba,4.248,,,,,,0,0
¤ì‚¬62ab37bb,3.844,,,,,,0,0
¤ì‚¬62ab38aa,4.46,,,,,,0,0
¤ì‚¬62ba27bb,3.444,,,,,,0,0
¤ì‚¬62ba28aa,5.45,0,0,,,,0,0
¤ì‚¬62ba28ab,5.45,0,0,0,4,1997.25,0,0
¤ì‚¬62ba28ba,3.272,0,0,,,,0,0
¤ì‚¬62ba28bb,3.832,,,,,,0,0
¤ì‚¬62ba29aa,3.832,,,,,,0,0
¤ì‚¬62ba29ab,4.203,,,,,,0,0
¤ì‚¬62ba29ba,4.203,,,,,,0,0
¤ì‚¬62ba29bb,4.203,,,,,,0,0
¤ì‚¬62ba30aa,2.949,,,,,,0,0
¤ì‚¬62ba30ab,2.949,,0,,1,2017,0,0
¤ì‚¬62ba30ba,3.055,14,17,0,11,2013.64,0,0
¤ì‚¬62ba30bb,3.055,0,11,0,12,2015.5,0,0
¤ì‚¬62ba31aa,3.055,10,15,0,9,2007.11,0,0
¤ì‚¬62ba31ab,1.506,,,,,,0,0
¤ì‚¬62ba31ba,1.506,,,,,,0,0
¤ì‚¬62ba31bb,0.892,,,,,,0,0
¤ì‚¬62ba32aa,0.892,,,,,,0,0
¤ì‚¬62ba32ab,0.892,32,202,89,21,2010.38,5,0
¤ì‚¬62ba32ba,0.525,81,263,49,75,2010.99,11,0
¤ì‚¬62ba32bb,18.176,101,290,49,64,2012.81,11,0
¤ì‚¬62ba33aa,18.176,26,61,12,5,2010,4,0
¤ì‚¬62ba33ab,18.176,,,,,,0,0
¤ì‚¬62ba33ba,19.175,,,,1,2017,0,0
¤ì‚¬62ba33bb,3.182,,,,,,0,0
¤ì‚¬62ba34aa,3.182,,,,,,0,0
¤ì‚¬62ba34ab,5.22,,,,3,2011.33,0,0
¤ì‚¬62ba34ba,5.22,0,0,,2,2003,0,1
¤ì‚¬62ba34bb,5.22,,,,,,0,0
¤ì‚¬62ba35aa,5.588,,,,,,0,0
¤ì‚¬62ba35ab,4.883,14,39,0,17,2012.27,0,2
¤ì‚¬62ba35ba,4.883,16,21,0,20,1998.79,1,10
¤ì‚¬62ba35bb,4.883,,,,3,2008.67,0,1
¤ì‚¬62ba36aa,7.069,,,,,,0,1
¤ì‚¬62ba36ab,7.069,,,,,,0,0
¤ì‚¬62ba36ba,3.579,,,,,,0,0
¤ì‚¬62ba36bb,3.315,,,,1,,0,0
¤ì‚¬62ba37aa,4.248,,,,,,0,0
¤ì‚¬62ba37ab,4.248,,,,,,0,0
¤ì‚¬62ba37ba,4.248,,,,1,1994,0,0
¤ì‚¬62ba37bb,3.844,,,,,,0,0
¤ì‚¬62ba38aa,4.46,,,,,,0,0
¤ì‚¬62bb27bb,3.444,,,,,,0,0
¤ì‚¬62bb28aa,2.882,8,14,,12,1985.42,0,5
¤ì‚¬62bb28ab,2.799,0,0,,3,1987,0,0
¤ì‚¬62bb28ba,3.272,,,,,,0,0
¤ì‚¬62bb28bb,3.272,0,7,,8,2004.75,1,8
¤ì‚¬62bb29aa,3.272,8,12,0,5,2005.6,0,5
¤ì‚¬62bb29ab,4.203,,,,,,0,0
¤ì‚¬62bb29ba,4.203,,,,,,0,0
¤ì‚¬62bb29bb,4.203,,,,,,0,0
¤ì‚¬62bb30aa,2.949,,,,,,0,0
¤ì‚¬62bb30ab,2.949,,,,,,0,0
¤ì‚¬62bb30ba,3.055,,,,,,0,0
¤ì‚¬62bb30bb,3.055,,,,,,0,0
¤ì‚¬62bb31aa,3.055,,,,,,0,0
¤ì‚¬62bb31ab,3.518,,,,,,0,0
¤ì‚¬62bb31ba,3.518,,7,,3,2011.33,0,0
¤ì‚¬62bb31bb,1.181,,,,,,0,0
¤ì‚¬62bb32aa,1.181,,0,0,4,2012.75,1,0
¤ì‚¬62bb32ab,1.181,34,203,50,76,2012.97,4,0
¤ì‚¬62bb32ba,0.294,40,175,41,72,2013.11,6,0
¤ì‚¬62bb32bb,0.53,16,59,8,34,2017.74,4,0
¤ì‚¬62bb33aa,5.4,8,19,,18,2010,0,0
¤ì‚¬62bb33ab,5.4,,,,,,0,0
¤ì‚¬62bb33ba,19.175,,,,,,0,0
¤ì‚¬62bb33bb,19.175,,,,,,0,0
¤ì‚¬62bb34aa,4.079,,0,,5,2005.5,0,1
¤ì‚¬62bb34ab,4.079,0,0,,2,2009.5,0,5
¤ì‚¬62bb34ba,4.169,,,,,,0,0
¤ì‚¬62bb34bb,4.105,,,,1,2009,0,0
¤ì‚¬62bb35aa,4.105,,,,,,0,7
¤ì‚¬62bb35ab,4.883,8,21,,12,2003.92,1,23
¤ì‚¬62bb35ba,4.883,0,6,0,6,2010.5,0,19
¤ì‚¬62bb35bb,4.883,,,,,,0,0
¤ì‚¬62bb36aa,7.437,,,,,,0,0
¤ì‚¬62bb36ab,7.069,,,,,,0,0
¤ì‚¬62bb36ba,3.579,,,,,,0,0
¤ì‚¬62bb36bb,3.315,0,0,,1,1998,0,1
¤ì‚¬62bb37aa,3.315,,,,2,2013,0,0
¤ì‚¬62bb37ab,3.844,,,,2,2002,0,1
¤ì‚¬62bb37ba,3.844,,,,,,0,0
¤ì‚¬62bb37bb,3.844,,,,,,0,0
¤ì‚¬62bb38aa,3.995,,,,,,0,0
¤ì‚¬63aa28aa,2.882,0,0,,1,1997,0,3
¤ì‚¬63aa28ab,2.799,0,6,,2,2007.5,0,0
¤ì‚¬63aa28ba,3.083,0,8,0,1,1970,0,10
¤ì‚¬63aa28bb,3.083,0,0,0,1,2002,0,4
¤ì‚¬63aa29aa,3.011,,,,,,0,0
¤ì‚¬63aa29ab,3.317,,,,,,0,0
¤ì‚¬63aa29ba,3.489,,,,,,0,0
¤ì‚¬63aa29bb,3.129,,,,,,0,0
¤ì‚¬63aa30aa,3.133,,,,,,0,0
¤ì‚¬63aa30ab,3.133,,,,,,0,0
¤ì‚¬63aa30ba,3.133,,,,,,0,0
¤ì‚¬63aa30bb,4.863,,,,,,0,0
¤ì‚¬63aa31aa,3.873,,,,,,0,0
¤ì‚¬63aa31ab,3.518,,,,,,0,0
¤ì‚¬63aa31ba,3.518,,,,19,1990.11,0,0
¤ì‚¬63aa31bb,1.181,,,,,,0,0
¤ì‚¬63aa32aa,1.181,8,33,0,19,2013.32,2,0
¤ì‚¬63aa32ab,1.181,54,219,74,74,2012.19,11,0
¤ì‚¬63aa32ba,0.477,23,101,19,66,2013.77,7,0
¤ì‚¬63aa32bb,0.53,13,41,13,29,2015.79,0,0
¤ì‚¬63aa33aa,5.4,,,,,,0,0
¤ì‚¬63aa33ab,5.4,,,,,,0,0
¤ì‚¬63aa33ba,5.03,,,,,,0,2
¤ì‚¬63aa33bb,19.175,,,,,,0,10
¤ì‚¬63aa34aa,4.079,0,0,,34,2001.07,1,14
¤ì‚¬63aa34ab,4.079,,,,2,2013,0,2
¤ì‚¬63aa34ba,3.566,,,,,,0,1
¤ì‚¬63aa34bb,4.105,,,,1,1976,0,0
¤ì‚¬63aa35aa,4.105,,,,,,0,0
¤ì‚¬63aa35ab,4.105,,,,,,0,0
¤ì‚¬63aa35ba,7.437,,,,,,0,0
¤ì‚¬63aa35bb,7.437,,,,,,0,0
¤ì‚¬63aa36aa,7.437,,,,,,0,0
¤ì‚¬63aa36ab,7.069,,,,,,0,0
¤ì‚¬63aa36ba,3.039,,,,,,0,0
¤ì‚¬63aa36bb,1.724,,,,,,0,1
¤ì‚¬63aa37aa,1.724,,,,,,1,3
¤ì‚¬63aa37ab,1.724,31,62,9,29,2005.1,0,11
¤ì‚¬63aa37ba,3.008,,,,,,0,0
¤ì‚¬63aa37bb,3.008,,,,,,0,0
¤ì‚¬63aa38aa,3.995,,,,,,0,0
¤ì‚¬63aa38ab,13.893,,,,,,0,0
¤ì‚¬63ab27bb,3.005,,,,,,0,0
¤ì‚¬63ab28aa,3.271,,,,3,2008,0,6
¤ì‚¬63ab28ab,2.799,0,7,0,6,1988,0,4
¤ì‚¬63ab28ba,3.35,,,,,,0,0
¤ì‚¬63ab28bb,3.35,,,,,,0,0
¤ì‚¬63ab29aa,3.35,,,,,,0,0
¤ì‚¬63ab29ab,3.317,,,,,,0,0
¤ì‚¬63ab29ba,3.579,,,,,,0,0
¤ì‚¬63ab29bb,4.734,,,,,,0,0
¤ì‚¬63ab30aa,4.723,,,,,,0,0
¤ì‚¬63ab30ab,4.723,,,,,,0,0
¤ì‚¬63ab30ba,4.723,,,,,,0,0
¤ì‚¬63ab30bb,4.635,,,,,,0,0
¤ì‚¬63ab31aa,4.813,,,,,,0,0
¤ì‚¬63ab31ab,3.518,,,,,,0,0
¤ì‚¬63ab31ba,3.518,,9,,,,0,0
¤ì‚¬63ab31bb,1.181,35,76,20,13,2009,0,0
¤ì‚¬63ab32aa,1.181,153,962,322,15,2009,1,0
¤ì‚¬63ab32ab,1.181,109,516,126,32,2009.06,2,0
¤ì‚¬63ab32ba,0.477,101,406,88,27,2012.37,1,0
¤ì‚¬63ab32bb,1.023,,,,,,0,0
¤ì‚¬63ab33aa,1.023,,,,,,0,0
¤ì‚¬63ab33ab,1.196,,,,,,0,0
¤ì‚¬63ab33ba,1.78,,,,,,0,0
¤ì‚¬63ab33bb,4.592,,,,4,1991,0,4
¤ì‚¬63ab34aa,4.079,,,,6,1998.17,0,5
¤ì‚¬63ab34ab,3.423,,0,,14,2009.62,0,1
¤ì‚¬63ab34ba,3.423,,0,,38,1994.78,0,8
¤ì‚¬63ab34bb,4.105,,0,,3,2000.67,1,1
¤ì‚¬63ab35aa,4.105,,,,,,0,0
¤ì‚¬63ab35ab,4.105,,,,,,0,0
¤ì‚¬63ab35ba,7.437,,,,,,0,0
¤ì‚¬63ab35bb,7.437,,,,,,0,0
¤ì‚¬63ab36aa,7.437,,,,,,0,0
¤ì‚¬63ab36ab,3.178,,,,,,0,0
¤ì‚¬63ab36ba,3.039,,,,,,0,0
¤ì‚¬63ab36bb,1.724,,,,,,0,0
¤ì‚¬63ab37aa,1.724,,,,2,2006,0,0
¤ì‚¬63ab37ab,1.724,11,33,0,14,2002.36,2,9
¤ì‚¬63ab37ba,3.008,,,,,,0,0
¤ì‚¬63ab37bb,3.008,,,,,,0,0
¤ì‚¬63ab38aa,13.893,,,,,,0,0
¤ì‚¬63ab38ab,13.893,,,,,,0,0
¤ì‚¬63ba27ba,2.731,,,,,,0,0
¤ì‚¬63ba27bb,3.005,,,,,,0,3
¤ì‚¬63ba28aa,2.958,,,,,,0,6
¤ì‚¬63ba28ab,2.389,,,,1,2007,0,0
¤ì‚¬63ba28ba,3.35,,,,,,0,0
¤ì‚¬63ba28bb,3.35,,,,,,0,0
¤ì‚¬63ba29aa,3.35,,,,,,0,0
¤ì‚¬63ba29ab,3.317,,,,,,0,0
¤ì‚¬63ba29ba,4.808,0,0,,8,2017,0,7
¤ì‚¬63ba29bb,4.247,,,,,,0,0
¤ì‚¬63ba30aa,4.723,,,,,,0,0
¤ì‚¬63ba30ab,4.723,,,,,,0,0
¤ì‚¬63ba30ba,4.723,,,,,,0,0
¤ì‚¬63ba30bb,4.635,,,,,,0,0
¤ì‚¬63ba31aa,4.813,,,,,,0,0
¤ì‚¬63ba31ab,2.162,,,,,,0,0
¤ì‚¬63ba31ba,2.162,10,19,6,13,2010.25,0,0
¤ì‚¬63ba31bb,3.025,0,0,,3,2015,1,0
¤ì‚¬63ba32aa,1.59,256,1353,462,21,2009,0,0
¤ì‚¬63ba32ab,1.337,0,34,0,40,2011.05,3,11
¤ì‚¬63ba32ba,1.337,33,121,19,32,2010.97,5,4
¤ì‚¬63ba32bb,2.756,,,,,,0,0
¤ì‚¬63ba33aa,2.756,,,,,,0,0
¤ì‚¬63ba33ab,2.508,,,,,,0,0
¤ì‚¬63ba33ba,2.508,,,,,,0,0
¤ì‚¬63ba33bb,2.508,21,58,11,3,2009,0,0
¤ì‚¬63ba34aa,2.926,,,,,,0,2
¤ì‚¬63ba34ab,3.423,0,0,0,16,2004.43,0,12
¤ì‚¬63ba34ba,3.423,,,,7,1999,0,3
¤ì‚¬63ba34bb,3.423,,,,,,0,11
¤ì‚¬63ba35aa,14.948,,,,,,0,0
¤ì‚¬63ba35ab,14.948,,,,,,0,0
¤ì‚¬63ba35ba,2.543,,,,,,0,0
¤ì‚¬63ba35bb,4.907,,,,,,0,0
¤ì‚¬63ba36aa,6.027,,,,,,0,0
¤ì‚¬63ba36ab,6.027,,,,,,0,0
¤ì‚¬63ba36ba,1.452,,,,,,0,0
¤ì‚¬63ba36bb,1.724,,,,,,0,0
¤ì‚¬63ba37aa,1.724,0,6,,8,2000.86,0,0
¤ì‚¬63ba37ab,1.724,0,0,0,2,2000,0,0
¤ì‚¬63ba37ba,2.58,,0,,,,0,1
¤ì‚¬63ba37bb,13.893,,,,,,0,2
¤ì‚¬63ba38aa,13.893,,,,,,0,0
¤ì‚¬63ba38ab,13.893,,,,,,0,0
¤ì‚¬63ba38ba,14.044,,,,,,0,0
¤ì‚¬63ba38bb,3.594,,,,,,0,0
¤ì‚¬63ba39aa,3.594,,,,,,0,0
¤ì‚¬63bb27ab,2.731,,,,,,0,0
¤ì‚¬63bb27ba,2.731,,,,,,0,9
¤ì‚¬63bb27bb,2.821,,0,,1,1951,0,2
¤ì‚¬63bb28aa,2.311,,,,,,0,0
¤ì‚¬63bb28ab,2.389,,,,4,2007,1,0
¤ì‚¬63bb28ba,3.35,,,,,,0,0
¤ì‚¬63bb28bb,3.35,,,,,,0,0
¤ì‚¬63bb29aa,3.35,,,,,,0,0
¤ì‚¬63bb29ab,3.5,,0,,8,2011.13,0,4
¤ì‚¬63bb29ba,4.27,0,0,,8,2009.63,0,1
¤ì‚¬63bb29bb,4.021,,,,,,0,0
¤ì‚¬63bb30aa,4.021,68,107,10,13,2002.38,1,4
¤ì‚¬63bb30ab,4.021,37,59,0,12,1997.75,0,4
¤ì‚¬63bb30ba,4.635,,,,,,0,0
¤ì‚¬63bb30bb,4.635,,,,,,0,0
¤ì‚¬63bb31aa,4.813,,,,,,0,0
¤ì‚¬63bb31ab,3.272,,,,,,11,0
¤ì‚¬63bb31ba,2.162,7,11,0,11,2007.73,0,0
¤ì‚¬63bb31bb,3.025,,,,,,2,0
¤ì‚¬63bb32aa,1.074,192,993,416,23,2009.04,2,0
¤ì‚¬63bb32ab,1.337,,,,78,2011.44,10,13
¤ì‚¬63bb32ba,2.849,,,,20,2011.25,3,4
¤ì‚¬63bb32bb,2.756,,,,,,1,0
¤ì‚¬63bb33aa,2.291,,0,,2,2015,0,0
¤ì‚¬63bb33ab,2.291,128,292,73,31,2013.58,3,7
¤ì‚¬63bb33ba,2.291,115,238,60,19,2009.42,2,1
¤ì‚¬63bb33bb,3.781,57,184,46,33,2012.24,1,4
¤ì‚¬63bb34aa,3.781,,,,,,0,0
¤ì‚¬63bb34ab,3.781,,,,,,1,2
¤ì‚¬63bb34ba,3.423,10,14,0,11,2005.09,0,0
¤ì‚¬63bb34bb,3.423,,,,,,0,0
¤ì‚¬63bb35aa,15.206,,,,,,0,0
¤ì‚¬63bb35ab,15.206,,,,,,0,0
¤ì‚¬63bb35ba,2.543,,,,,,0,0
¤ì‚¬63bb35bb,1.921,,,,,,0,0
¤ì‚¬63bb36aa,1.921,0,0,,,,0,1
¤ì‚¬63bb36ab,1.601,,,,,,0,0
¤ì‚¬63bb36ba,1.452,0,0,,1,1985,0,0
¤ì‚¬63bb36bb,1.452,,,,,,0,0
¤ì‚¬63bb37aa,1.452,,,,,,0,0
¤ì‚¬63bb37ab,10.763,,,,,,0,0
¤ì‚¬63bb37ba,1.825,,,,1,1993,0,1
¤ì‚¬63bb37bb,1.825,,,,,,0,0
¤ì‚¬63bb38aa,1.825,,,,,,0,0
¤ì‚¬63bb38ab,14.044,,,,,,0,0
¤ì‚¬63bb38ba,14.044,,,,,,0,0
¤ì‚¬63bb38bb,3.594,,,,,,0,4
¤ì‚¬63bb39aa,3.594,,,,,,0,0
¤ì‚¬63bb39ab,3.594,,,,,,0,0
¤ì‚¬63bb39ba,15.177,,,,,,0,0
¤ì‚¬64aa27ab,2.453,,,,,,0,0
¤ì‚¬64aa27ba,2.473,,,,,,0,0
¤ì‚¬64aa27bb,2.978,,,,,,0,0
¤ì‚¬64aa28aa,2.311,,,,,,0,0
¤ì‚¬64aa28ab,2.389,,,,,,0,0
¤ì‚¬64aa28ba,2.389,,,,,,0,0
¤ì‚¬64aa28bb,2.389,15,12,,1,2009,0,0
¤ì‚¬64aa29aa,3.5,,,,,,0,0
¤ì‚¬64aa29ab,3.5,0,12,0,19,2010.95,0,4
¤ì‚¬64aa29ba,4.27,0,7,0,11,2012.82,0,4
¤ì‚¬64aa29bb,4.021,,,,,,0,0
¤ì‚¬64aa30aa,4.021,23,67,8,13,2002.54,1,3
¤ì‚¬64aa30ab,4.021,17,34,0,8,1999.38,0,3
¤ì‚¬64aa30ba,4.106,,,,,,0,0
¤ì‚¬64aa30bb,4.106,,,,,,0,0
¤ì‚¬64aa31aa,3.545,,,,,,0,0
¤ì‚¬64aa31ab,3.272,0,0,,4,2008.75,0,0
¤ì‚¬64aa31ba,2.962,0,0,,7,2003.43,0,0
¤ì‚¬64aa31bb,2.755,,,,,,0,0
¤ì‚¬64aa32aa,2.157,49,615,352,5,2009,1,0
¤ì‚¬64aa32ab,2.306,132,846,350,35,2010.43,2,8
¤ì‚¬64aa32ba,2.849,,,,,,0,0
¤ì‚¬64aa32bb,2.849,32,106,33,5,2009,0,0
¤ì‚¬64aa33aa,2.291,117,371,104,5,2009,0,0
¤ì‚¬64aa33ab,2.291,187,692,252,28,2009.36,2,1
¤ì‚¬64aa33ba,6.734,55,211,54,40,2013.2,5,13
¤ì‚¬64aa33bb,6.734,18,123,33,54,2013.44,15,14
¤ì‚¬64aa34aa,6.734,,,,2,2015,0,0
¤ì‚¬64aa34ab,3.781,,0,,4,2002.25,0,1
¤ì‚¬64aa34ba,2.647,,,,1,1980,0,1
¤ì‚¬64aa34bb,3.077,,,,2,2018.5,0,0
¤ì‚¬64aa35aa,2.994,,,,,,0,0
¤ì‚¬64aa35ab,2.667,,,,,,0,0
¤ì‚¬64aa35ba,2.667,,,,,,0,0
¤ì‚¬64aa35bb,1.963,,,,,,0,0
¤ì‚¬64aa36aa,1.963,0,0,,,,0,2
¤ì‚¬64aa36ab,0.525,0,0,,2,1999,0,3
¤ì‚¬64aa36ba,0.525,68,394,114,41,2019.9,0,0
¤ì‚¬64aa36bb,1.453,143,785,373,32,2020.34,0,0
¤ì‚¬64aa37aa,1.453,,0,,,,0,1
¤ì‚¬64aa37ab,1.453,,,,,,0,0
¤ì‚¬64aa37ba,1.825,14,13,0,11,2010.43,1,7
¤ì‚¬64aa37bb,1.825,,,,,,0,0
¤ì‚¬64aa38aa,1.825,,,,,,0,0
¤ì‚¬64aa38ab,5.611,,,,,,0,0
¤ì‚¬64aa38ba,13.961,,,,,,0,0
¤ì‚¬64aa38bb,3.594,,,,1,1970,0,0
¤ì‚¬64aa39aa,3.594,,,,,,0,4
¤ì‚¬64aa39ab,3.594,,,,,,0,0
¤ì‚¬64aa39ba,15.177,,,,,,0,0
¤ì‚¬64aa39bb,4.057,,,,,,0,0
¤ì‚¬64ab27aa,2.419,,,,,,0,0
¤ì‚¬64ab27ab,1.803,27,43,0,9,2006.22,0,4
¤ì‚¬64ab27ba,3.31,15,38,6,7,2009.86,1,0
¤ì‚¬64ab27bb,1.49,,,,,,0,0
¤ì‚¬64ab28aa,1.273,,,,,,0,0
¤ì‚¬64ab28ab,1.809,,,,,,0,0
¤ì‚¬64ab28ba,1.809,0,0,,2,2006,0,0
¤ì‚¬64ab28bb,2.319,194,268,27,11,2009,1,0
¤ì‚¬64ab29aa,2.319,52,49,0,2,2009,0,0
¤ì‚¬64ab29ab,2.802,79,136,18,42,2002.05,2,11
¤ì‚¬64ab29ba,3.046,49,52,8,8,2007.25,0,0
¤ì‚¬64ab29bb,3.046,0,0,,3,2010.67,0,0
¤ì‚¬64ab30aa,3.046,64,154,25,26,2007.23,1,6
¤ì‚¬64ab30ab,4.021,76,97,14,14,2000.79,0,0
¤ì‚¬64ab30ba,4.106,0,,,,,0,0
¤ì‚¬64ab30bb,4.106,,,,1,2006,0,0
¤ì‚¬64ab31aa,3.437,,,,4,2011,0,0
¤ì‚¬64ab31ab,3.272,0,7,0,3,2000.67,0,0
¤ì‚¬64ab31ba,2.962,0,0,,1,2005,0,0
¤ì‚¬64ab31bb,2.813,0,13,0,7,2012.86,1,3
¤ì‚¬64ab32aa,2.157,19,221,121,36,2012.11,2,7
¤ì‚¬64ab32ab,27.247,90,600,245,30,2009.9,3,0
¤ì‚¬64ab32ba,27.247,98,488,189,46,2011.24,2,43
¤ì‚¬64ab32bb,27.247,70,294,122,37,2009.62,2,5
¤ì‚¬64ab33aa,31.435,17,109,41,53,2013.43,2,14
¤ì‚¬64ab33ab,16.9,32,213,84,87,2013.67,10,24
¤ì‚¬64ab33ba,6.734,19,154,50,82,2013.7,3,17
¤ì‚¬64ab33bb,6.734,0,20,8,11,2014.45,0,1
¤ì‚¬64ab34aa,6.734,,,,3,2014,2,0
¤ì‚¬64ab34ab,2.229,,0,0,27,2006.22,0,3
¤ì‚¬64ab34ba,2.59,40,63,0,44,1997.8,1,13
¤ì‚¬64ab34bb,2.406,34,169,18,41,2018.9,0,0
¤ì‚¬64ab35aa,2.719,,,,5,2012,0,1
¤ì‚¬64ab35ab,2.667,,,,,,0,0
¤ì‚¬64ab35ba,2.667,,,,,,0,0
¤ì‚¬64ab35bb,1.963,6,0,,3,1998.67,0,0
¤ì‚¬64ab36aa,1.963,13,15,,6,1999.5,0,0
¤ì‚¬64ab36ab,0.525,41,153,29,3,2020.33,0,0
¤ì‚¬64ab36ba,0.525,104,732,240,19,2018.68,0,0
¤ì‚¬64ab36bb,1.453,210,1008,334,35,2020.26,0,0
¤ì‚¬64ab37aa,1.453,0,7,0,1,1994,0,1
¤ì‚¬64ab37ab,1.453,11,14,0,7,2005.33,0,6
¤ì‚¬64ab37ba,1.825,25,37,9,21,2008,1,9
¤ì‚¬64ab37bb,1.825,,,,,,0,0
¤ì‚¬64ab38aa,1.825,,,,,,0,0
¤ì‚¬64ab38ab,5.333,,,,,,0,1
¤ì‚¬64ab38ba,14.554,,,,,,0,0
¤ì‚¬64ab38bb,14.554,6,11,0,6,2003.33,0,2
¤ì‚¬64ab39aa,14.554,17,36,6,14,2004.08,0,8
¤ì‚¬64ab39ab,2.864,,,,,,0,0
¤ì‚¬64ab39ba,3.458,,,,,,0,0
¤ì‚¬64ab39bb,4.057,,,,,,0,0
¤ì‚¬64ba27aa,2.419,,,,1,2004,0,0
¤ì‚¬64ba27ab,1.803,73,117,6,38,2000.89,3,1
¤ì‚¬64ba27ba,10.222,34,87,0,25,2004.56,1,1
¤ì‚¬64ba27bb,1.49,,,,,,0,0
¤ì‚¬64ba28aa,9.545,0,0,,2,2008.5,0,0
¤ì‚¬64ba28ab,1.809,,0,,8,2006.63,0,0
¤ì‚¬64ba28ba,1.809,,,,5,2003,0,0
¤ì‚¬64ba28bb,2.319,106,157,21,17,2007.06,0,1
¤ì‚¬64ba29aa,2.319,0,0,0,13,2002.31,0,0
¤ì‚¬64ba29ab,7.616,27,46,,14,2005.79,1,9
¤ì‚¬64ba29ba,3.046,,0,,7,2004.14,0,0
¤ì‚¬64ba29bb,3.046,0,0,,10,2009.5,0,1
¤ì‚¬64ba30aa,3.046,166,382,49,43,2006.51,2,14
¤ì‚¬64ba30ab,6.123,79,215,35,35,2005.97,1,7
¤ì‚¬64ba30ba,4.106,,0,,11,2008.73,0,0
¤ì‚¬64ba30bb,4.106,8,28,7,22,2005.27,1,1
¤ì‚¬64ba31aa,3.437,29,88,19,35,2004.91,1,14
¤ì‚¬64ba31ab,3.134,,,,,,1,0
¤ì‚¬64ba31ba,4.119,,,,2,2001.5,0,0
¤ì‚¬64ba31bb,3.42,0,21,6,14,2009.57,3,5
¤ì‚¬64ba32aa,3.42,13,90,32,38,2013.89,3,11
¤ì‚¬64ba32ab,3.42,36,196,66,78,2013.29,11,14
¤ì‚¬64ba32ba,2.718,26,132,31,47,2012.53,6,11
¤ì‚¬64ba32bb,2.48,12,77,28,39,2012.85,4,9
¤ì‚¬64ba33aa,2.418,10,76,26,36,2013.22,2,6
¤ì‚¬64ba33ab,1.896,,,,,,0,0
¤ì‚¬64ba33ba,1.896,,,,9,2009,1,0
¤ì‚¬64ba33bb,1.84,0,64,0,6,2012,2,0
¤ì‚¬64ba34aa,6.734,,,,8,2012.88,0,0
¤ì‚¬64ba34ab,4.915,,,,10,2006.7,0,0
¤ì‚¬64ba34ba,4.915,,,,13,2007.15,1,1
¤ì‚¬64ba34bb,2.406,28,59,11,24,2004.63,0,0
¤ì‚¬64ba35aa,2.202,,0,,8,2008.75,0,0
¤ì‚¬64ba35ab,2.202,,,,8,1995.88,0,0
¤ì‚¬64ba35ba,1.963,17,22,0,19,2006.89,0,0
¤ì‚¬64ba35bb,1.963,16,28,0,27,2000.85,2,2
¤ì‚¬64ba36aa,1.963,58,207,58,48,2013.31,1,0
¤ì‚¬64ba36ab,1.185,51,207,61,17,2020.06,2,0
¤ì‚¬64ba36ba,0.718,75,319,65,21,2020,0,0
¤ì‚¬64ba36bb,1.453,366,701,100,36,2019.36,0,0
¤ì‚¬64ba37aa,1.453,44,96,7,2,1995,0,0
¤ì‚¬64ba37ab,1.453,0,6,,,,0,1
¤ì‚¬64ba37ba,0.786,,,,,,0,5
¤ì‚¬64ba37bb,1.374,,,,,,0,0
¤ì‚¬64ba38aa,2.309,0,0,,,,0,0
¤ì‚¬64ba38ab,2.064,8,8,,4,1998,1,9
¤ì‚¬64ba38ba,2.064,0,0,,1,1985,0,0
¤ì‚¬64ba38bb,2.064,18,39,9,13,2011.08,0,1
¤ì‚¬64ba39aa,2.579,88,202,31,79,2009.49,1,25
¤ì‚¬64ba39ab,2.579,6,12,,5,1999,1,1
¤ì‚¬64ba39ba,3.458,12,14,0,11,2008.45,0,3
¤ì‚¬64ba39bb,4.057,,,,,,0,0
¤ì‚¬64ba40aa,2.67,,,,,,0,0
¤ì‚¬64bb26ba,1.919,,,,,,0,0
¤ì‚¬64bb26bb,1.919,,,,5,2002,0,0
¤ì‚¬64bb27aa,2.103,,,,2,2008,0,0
¤ì‚¬64bb27ab,1.566,0,0,,2,2005,0,2
¤ì‚¬64bb27ba,0.358,,,,3,2008.33,0,10
¤ì‚¬64bb27bb,0.358,,,,2,2013.5,0,0
¤ì‚¬64bb28aa,0.358,0,0,,2,2010.5,0,0
¤ì‚¬64bb28ab,0.134,0,0,,9,2010,0,0
¤ì‚¬64bb28ba,1.809,,0,,6,2008.17,0,0
¤ì‚¬64bb28bb,2.319,0,0,,7,2008.14,0,0
¤ì‚¬64bb29aa,2.319,0,6,0,8,2002.5,0,0
¤ì‚¬64bb29ab,7.616,,,,7,2010.14,2,0
¤ì‚¬64bb29ba,3.046,,,,1,1987,0,0
¤ì‚¬64bb29bb,3.046,0,0,,9,2008.44,0,0
¤ì‚¬64bb30aa,3.046,,,,13,2007.42,0,0
¤ì‚¬64bb30ab,6.123,,,,5,2010.6,0,0
¤ì‚¬64bb30ba,3.566,,0,,11,2004,0,0
¤ì‚¬64bb30bb,3.437,,,,3,2012.33,1,0
¤ì‚¬64bb31aa,3.437,0,,,4,2014.25,0,0
¤ì‚¬64bb31ab,3.134,0,0,,,,1,0
¤ì‚¬64bb31ba,4.119,,,,,,0,0
¤ì‚¬64bb31bb,3.42,,,,,,1,0
¤ì‚¬64bb32aa,3.42,,,,,,0,0
¤ì‚¬64bb32ab,2.522,,,,,,0,0
¤ì‚¬64bb32ba,2.096,,,,,,1,0
¤ì‚¬64bb32bb,2.096,,,,,,0,0
¤ì‚¬64bb33aa,2.096,,,,5,2011.6,0,0
¤ì‚¬64bb33ab,1.896,,,,1,2010,1,0
¤ì‚¬64bb33ba,1.896,,,,8,2012.25,2,0
¤ì‚¬64bb33bb,1.84,,,,4,2011.5,1,0
¤ì‚¬64bb34aa,5.279,,,,2,2013.5,0,0
¤ì‚¬64bb34ab,5.279,,,,2,2009,0,0
¤ì‚¬64bb34ba,5.279,,,,,,0,0
¤ì‚¬64bb34bb,2.344,15,27,0,10,2003.5,0,0
¤ì‚¬64bb35aa,2.344,,0,,5,2015.2,0,1
¤ì‚¬64bb35ab,2.202,,,,8,2010.88,0,1
¤ì‚¬64bb35ba,2.089,0,0,,20,2008.7,0,2
¤ì‚¬64bb35bb,1.276,12,27,0,20,2002.5,2,2
¤ì‚¬64bb36aa,1.591,8,0,,11,2007.33,1,2
¤ì‚¬64bb36ab,1.591,15,16,0,15,2001.36,1,1
¤ì‚¬64bb36ba,1.591,84,169,23,71,2000.05,4,14
¤ì‚¬64bb36bb,1.374,0,10,,3,1996,0,0
¤ì‚¬64bb37aa,0.786,0,0,,,,0,0
¤ì‚¬64bb37ab,0.786,0,0,,3,1987.33,1,1
¤ì‚¬64bb37ba,0.786,,,,,,0,0
¤ì‚¬64bb37bb,2.609,,0,,,,0,0
¤ì‚¬64bb38aa,2.609,,,,,,0,0
¤ì‚¬64bb38ab,2.064,,,,,,0,3
¤ì‚¬64bb38ba,2.064,,,,,,0,3
¤ì‚¬64bb38bb,2.064,14,40,7,7,2011.67,0,0
¤ì‚¬64bb39aa,2.579,58,103,10,36,2004.56,1,9
¤ì‚¬64bb39ab,2.579,29,71,11,25,2002.77,2,10
¤ì‚¬64bb39ba,3.458,24,74,17,19,2006.69,0,6
¤ì‚¬64bb39bb,3.461,18,45,10,20,2008.74,1,9
¤ì‚¬64bb40aa,2.499,29,74,13,37,2007.84,1,8
¤ì‚¬65aa26ab,12.328,,,,,,0,0
¤ì‚¬65aa26ba,12.328,,,,9,2010.17,0,0
¤ì‚¬65aa26bb,12.328,,,,2,2000.5,0,0
¤ì‚¬65aa27aa,1.464,,,,2,1996,0,0
¤ì‚¬65aa27ab,1.563,150,355,22,1,1999,0,0
¤ì‚¬65aa27ba,0.358,33,141,23,5,1995,0,0
¤ì‚¬65aa27bb,0.358,26,83,0,9,2001.33,2,0
¤ì‚¬65aa28aa,0.358,765,2611,450,14,1999.21,1,0
¤ì‚¬65aa28ab,0.134,437,1611,456,16,1997.63,0,0
¤ì‚¬65aa28ba,0.649,316,1571,523,10,1995.8,1,0
¤ì‚¬65aa28bb,0.649,441,1531,419,22,1995.81,3,0
¤ì‚¬65aa29aa,8.111,209,1066,257,9,2007.11,1,0
¤ì‚¬65aa29ab,7.616,231,2204,104,13,2011.38,0,0
¤ì‚¬65aa29ba,6.375,13,41,0,26,2006.15,1,0
¤ì‚¬65aa29bb,6.123,137,1462,58,22,2005.64,1,0
¤ì‚¬65aa30aa,6.123,401,1296,236,13,2004.15,0,0
¤ì‚¬65aa30ab,6.123,585,2617,578,14,2003.57,1,0
¤ì‚¬65aa30ba,5.873,374,1108,337,3,2004,1,0
¤ì‚¬65aa30bb,5.624,188,576,169,,,0,0
¤ì‚¬65aa31aa,4.119,,,,3,2014.33,0,0
¤ì‚¬65aa31ab,4.119,,,,,,0,0
¤ì‚¬65aa31ba,4.119,37,105,30,3,2009,0,0
¤ì‚¬65aa31bb,3.42,56,140,35,4,2009,0,26
¤ì‚¬65aa32aa,3.42,,,,,,6,0
¤ì‚¬65aa32ab,2.522,,,,,,0,0
¤ì‚¬65aa32ba,2.096,,,,1,2009,2,0
¤ì‚¬65aa32bb,2.096,78,321,58,2,2015,0,0
¤ì‚¬65aa33aa,2.096,,,,2,2011,3,0
¤ì‚¬65aa33ab,1.637,,,,,,0,0
¤ì‚¬65aa33ba,1.896,0,0,,3,2012.33,0,0
¤ì‚¬65aa33bb,1.84,,15,,6,2014.2,0,0
¤ì‚¬65aa34aa,5.279,,,,1,2015,2,0
¤ì‚¬65aa34ab,5.279,,,,,,0,0
¤ì‚¬65aa34ba,5.279,,,,,,0,0
¤ì‚¬65aa34bb,1.546,,,,,,0,0
¤ì‚¬65aa35aa,1.546,,,,,,0,0
¤ì‚¬65aa35ab,1.546,0,0,,,,0,0
¤ì‚¬65aa35ba,3.724,10,9,0,11,2010.18,0,1
¤ì‚¬65aa35bb,1.276,48,109,14,51,2004.64,1,0
¤ì‚¬65aa36aa,1.591,0,0,,2,2013,0,5
¤ì‚¬65aa36ab,1.591,0,7,0,1,2001,0,7
¤ì‚¬65aa36ba,1.591,19,32,11,7,2009.5,0,3
¤ì‚¬65aa36bb,1.178,0,0,,2,2019,0,0
¤ì‚¬65aa37aa,1.532,,,,,,0,0
¤ì‚¬65aa37ab,1.679,,,,,,0,0
¤ì‚¬65aa37ba,1.679,,,,,,0,1
¤ì‚¬65aa37bb,1.679,,,,,,0,0
¤ì‚¬65aa38aa,2.609,,,,,,0,0
¤ì‚¬65aa38ab,2.064,,,,,,0,0
¤ì‚¬65aa38ba,2.064,,,,,,0,0
¤ì‚¬65aa38bb,2.064,0,,,5,2005.4,0,2
¤ì‚¬65aa39aa,2.579,,,,1,1970,0,0
¤ì‚¬65aa39ab,2.579,23,58,12,25,2004.05,0,5
¤ì‚¬65aa39ba,3.229,78,135,18,59,2002.54,2,30
¤ì‚¬65aa39bb,3.091,14,36,0,15,2007.08,0,4
¤ì‚¬65aa40aa,2.499,97,176,29,81,2005.49,4,20
¤ì‚¬65aa40ab,2.359,,,,,,0,2
¤ì‚¬65ab26aa,2.341,,,,,,0,0
¤ì‚¬65ab26ab,2.341,70,198,13,2,2000,0,0
¤ì‚¬65ab26ba,2.341,6,17,,10,2003.4,2,0
¤ì‚¬65ab26bb,1.464,59,379,9,12,2005.08,1,3
¤ì‚¬65ab27aa,1.464,,,,2,2000,0,0
¤ì‚¬65ab27ab,1.563,91,166,13,30,1996.6,1,0
¤ì‚¬65ab27ba,0.358,191,687,89,58,1995.66,4,1
¤ì‚¬65ab27bb,0.358,109,642,29,32,1999.13,3,0
¤ì‚¬65ab28aa,0.358,265,772,97,17,1995.71,0,0
¤ì‚¬65ab28ab,0.134,506,1101,179,12,1994.75,1,0
¤ì‚¬65ab28ba,0.649,121,572,185,10,1999.5,1,0
¤ì‚¬65ab28bb,0.649,134,347,80,2,1999,1,0
¤ì‚¬65ab29aa,0.903,116,342,67,7,1997.14,0,0
¤ì‚¬65ab29ab,1.144,69,169,25,2,1994.5,0,0
¤ì‚¬65ab29ba,1.144,38,169,48,6,2000.33,2,0
¤ì‚¬65ab29bb,1.144,24,88,26,5,2004.4,2,0
¤ì‚¬65ab30aa,0.401,111,315,49,19,1996.47,1,4
¤ì‚¬65ab30ab,1.59,,,,,,0,0
¤ì‚¬65ab30ba,1.59,425,998,202,1,1995,0,0
¤ì‚¬65ab30bb,1.59,251,564,127,,,0,0
¤ì‚¬65ab31aa,1.917,,,,,,0,0
¤ì‚¬65ab31ab,4.107,,,,,,0,0
¤ì‚¬65ab31ba,2.956,43,125,28,23,2010.17,1,0
¤ì‚¬65ab31bb,2.956,68,267,51,43,2013.02,6,13
¤ì‚¬65ab32aa,2.956,115,609,164,8,2011.13,1,0
¤ì‚¬65ab32ab,2.522,134,1152,227,7,2010.86,0,0
¤ì‚¬65ab32ba,2.096,53,293,74,2,2012,2,0
¤ì‚¬65ab32bb,2.096,141,531,66,9,2015.56,1,0
¤ì‚¬65ab33aa,2.096,82,386,69,11,2014.09,1,0
¤ì‚¬65ab33ab,1.637,,,,2,2015,3,0
¤ì‚¬65ab33ba,1.346,,,,9,2012.33,1,0
¤ì‚¬65ab33bb,1.346,12,179,0,18,2016.89,1,0
¤ì‚¬65ab34aa,5.279,,,,1,2010,0,0
¤ì‚¬65ab34ab,5.279,,,,,,0,0
¤ì‚¬65ab34ba,5.279,,,,,,0,0
¤ì‚¬65ab34bb,1.044,,,,,,0,0
¤ì‚¬65ab35aa,1.573,0,24,6,9,2006.56,0,1
¤ì‚¬65ab35ab,1.573,0,8,,12,2014.17,0,5
¤ì‚¬65ab35ba,1.573,11,15,,15,2006.4,0,9
¤ì‚¬65ab35bb,2.014,28,63,16,16,2008.21,1,0
¤ì‚¬65ab36aa,1.591,0,0,,,,0,3
¤ì‚¬65ab36ab,1.591,7,6,,3,2014.33,0,1
¤ì‚¬65ab36ba,1.591,6,0,,1,,0,1
¤ì‚¬65ab36bb,1.414,,,,,,0,0
¤ì‚¬65ab37aa,1.578,,,,,,0,0
¤ì‚¬65ab37ab,1.807,,,,,,0,0
¤ì‚¬65ab37ba,1.93,,,,,,0,0
¤ì‚¬65ab37bb,1.93,,,,,,0,0
¤ì‚¬65ab38aa,2.038,,,,,,0,0
¤ì‚¬65ab38ab,2.038,,,,,,0,0
¤ì‚¬65ab38ba,2.172,,,,,,0,0
¤ì‚¬65ab38bb,3.524,,,,,,0,0
¤ì‚¬65ab39aa,3.563,,,,,,0,0
¤ì‚¬65ab39ab,2.531,,,,,,0,0
¤ì‚¬65ab39ba,3.22,,,,,,0,0
¤ì‚¬65ab39bb,2.758,,,,1,2013,1,0
¤ì‚¬65ab40aa,2.499,6,12,0,9,2010.67,0,2
¤ì‚¬65ab40ab,2.372,,,,,,0,0
¤ì‚¬65ba26aa,1.535,,,,,,0,0
¤ì‚¬65ba26ab,1.387,,,,,,0,0
¤ì‚¬65ba26ba,1.387,120,461,26,6,2002.33,0,0
¤ì‚¬65ba26bb,1.464,91,286,15,5,2000.6,2,6
¤ì‚¬65ba27aa,1.464,33,40,0,11,1999.82,0,0
¤ì‚¬65ba27ab,1.094,327,767,79,84,1996.83,3,16
¤ì‚¬65ba27ba,0.844,303,1160,256,106,1995.83,1,5
¤ì‚¬65ba27bb,0.844,202,617,143,37,1995.89,2,1
¤ì‚¬65ba28aa,0.844,517,1387,113,21,1995.1,2,0
¤ì‚¬65ba28ab,0.987,768,1220,90,17,1994.31,4,0
¤ì‚¬65ba28ba,1.652,101,278,64,9,1994.56,0,0
¤ì‚¬65ba28bb,0.834,,,,4,2001,0,0
¤ì‚¬65ba29aa,1.184,103,316,38,77,1996.22,5,0
¤ì‚¬65ba29ab,1.184,511,1413,279,35,1994.43,0,0
¤ì‚¬65ba29ba,1.184,440,1107,271,17,1995.59,0,0
¤ì‚¬65ba29bb,1.144,371,1617,398,29,1994.5,3,0
¤ì‚¬65ba30aa,1.45,206,649,62,151,1995.85,1,40
¤ì‚¬65ba30ab,1.59,137,480,54,101,1995.63,4,22
¤ì‚¬65ba30ba,1.59,230,556,97,53,1995.15,0,0
¤ì‚¬65ba30bb,1.59,620,1984,275,16,2002.25,1,0
¤ì‚¬65ba31aa,1.917,198,452,59,6,2000.67,1,0
¤ì‚¬65ba31ab,2.987,,,,2,2000.5,0,0
¤ì‚¬65ba31ba,2.624,17,96,14,30,2010.33,3,9
¤ì‚¬65ba31bb,2.624,60,276,63,71,2010.93,5,19
¤ì‚¬65ba32aa,2.624,58,281,77,20,2009.26,3,1
¤ì‚¬65ba32ab,1.964,163,1004,329,47,2009.13,1,0
¤ì‚¬65ba32ba,1.964,48,234,82,4,2010.5,0,0
¤ì‚¬65ba32bb,1.964,,,,3,2016.67,0,0
¤ì‚¬65ba33aa,1.939,0,181,0,12,2012.75,3,0
¤ì‚¬65ba33ab,1.637,0,162,0,3,2012.33,1,0
¤ì‚¬65ba33ba,1.346,0,,,10,2011.5,1,0
¤ì‚¬65ba33bb,1.346,,,,6,2012.5,1,0
¤ì‚¬65ba34aa,0.476,37,185,79,4,2009.5,0,0
¤ì‚¬65ba34ab,0.476,7,60,19,1,2009,0,0
¤ì‚¬65ba34ba,0.476,,,,,,0,0
¤ì‚¬65ba34bb,1.044,,0,,5,2008.6,0,8
¤ì‚¬65ba35aa,1.573,49,99,18,49,2008.38,0,5
¤ì‚¬65ba35ab,1.972,30,84,11,20,2008.8,1,3
¤ì‚¬65ba35ba,1.972,7,11,,4,2015.75,0,4
¤ì‚¬65ba35bb,1.972,,,,,,0,1
¤ì‚¬65ba36aa,2.24,,,,1,2010,0,1
¤ì‚¬65ba36ab,2.24,0,0,,1,,0,1
¤ì‚¬65ba36ba,1.777,0,0,,2,1970,1,2
¤ì‚¬65ba36bb,1.414,,,,,,0,0
¤ì‚¬65ba37aa,1.578,,,,,,0,0
¤ì‚¬65ba37ab,1.807,,,,,,0,0
¤ì‚¬65ba37ba,1.82,,,,,,0,0
¤ì‚¬65ba37bb,1.82,,,,,,0,0
¤ì‚¬65ba38aa,1.82,,,,,,0,0
¤ì‚¬65ba38ab,2.038,,,,,,0,0
¤ì‚¬65ba38ba,2.172,,,,,,0,0
¤ì‚¬65ba38bb,3.524,,,,,,0,0
¤ì‚¬65ba39aa,3.563,,,,,,0,0
¤ì‚¬65ba39ab,3.477,,,,,,0,0
¤ì‚¬65ba39ba,3.22,,,,,,0,0
¤ì‚¬65ba39bb,1.897,,,,,,0,0
¤ì‚¬65ba40aa,1.782,,,,,,0,0
¤ì‚¬65ba40ab,2.372,,,,,,0,0
¤ì‚¬65bb26aa,0.969,,,,,,0,0
¤ì‚¬65bb26ab,0.969,328,911,217,18,1996.11,1,0
¤ì‚¬65bb26ba,0.377,428,1474,370,30,1996.4,1,0
¤ì‚¬65bb26bb,0.377,156,597,139,6,1996,0,0
¤ì‚¬65bb27aa,0.914,91,193,28,13,1997.38,0,0
¤ì‚¬65bb27ab,1.094,596,963,55,22,1996.91,3,0
¤ì‚¬65bb27ba,1.455,348,898,236,10,1995.6,2,0
¤ì‚¬65bb27bb,1.508,426,1194,259,20,1995,0,0
¤ì‚¬65bb28aa,1.508,389,1211,119,16,1994.81,0,0
¤ì‚¬65bb28ab,1.508,225,500,75,9,1996.78,2,0
¤ì‚¬65bb28ba,1.652,,,,,,0,0
¤ì‚¬65bb28bb,1.06,,,,7,2001.29,1,0
¤ì‚¬65bb29aa,1.184,127,526,135,67,1995.31,1,0
¤ì‚¬65bb29ab,1.184,161,627,158,32,1995.29,2,0
¤ì‚¬65bb29ba,1.184,274,1168,313,33,1994.76,1,0
¤ì‚¬65bb29bb,1.153,461,1104,192,25,2000.88,1,0
¤ì‚¬65bb30aa,1.45,289,544,36,81,1995.89,0,6
¤ì‚¬65bb30ab,1.59,161,533,40,135,1995.27,2,30
¤ì‚¬65bb30ba,1.59,276,1015,216,43,1994.35,2,4
¤ì‚¬65bb30bb,1.59,310,961,151,39,1994.18,0,0
¤ì‚¬65bb31aa,1.83,127,443,25,20,2001.5,5,0
¤ì‚¬65bb31ab,2.987,0,9,,5,2000.8,0,0
¤ì‚¬65bb31ba,2.624,,,,1,1996,0,0
¤ì‚¬65bb31bb,2.624,26,150,23,50,2010.86,3,18
¤ì‚¬65bb32aa,2.624,73,258,53,72,2011.26,10,11
¤ì‚¬65bb32ab,1.964,510,1451,411,15,2010.93,0,0
¤ì‚¬65bb32ba,1.964,429,1632,441,13,2011,0,0
¤ì‚¬65bb32bb,1.964,202,1070,250,13,2010.69,2,0
¤ì‚¬65bb33aa,1.452,251,1134,289,18,2009.17,1,0
¤ì‚¬65bb33ab,1.346,,0,0,3,2005,2,0
¤ì‚¬65bb33ba,1.346,615,1390,251,25,2009.8,1,0
¤ì‚¬65bb33bb,1.346,224,920,237,23,2009.26,0,0
¤ì‚¬65bb34aa,0.476,107,770,288,18,2009.29,2,2
¤ì‚¬65bb34ab,0.476,100,587,197,10,2008,1,0
¤ì‚¬65bb34ba,0.476,10,14,,30,2001.25,1,7
¤ì‚¬65bb34bb,1.044,,,,2,2007.5,0,2
¤ì‚¬65bb35aa,1.875,12,52,11,18,2009.72,1,2
¤ì‚¬65bb35ab,1.875,0,0,,3,2002,0,0
¤ì‚¬65bb35ba,1.875,22,65,28,21,2009.58,0,7
¤ì‚¬65bb35bb,1.972,10,12,0,10,2005.3,0,7
¤ì‚¬65bb36aa,2.684,,,,,,0,0
¤ì‚¬65bb36ab,2.24,,,,,,0,1
¤ì‚¬65bb36ba,1.777,,,,,,0,0
¤ì‚¬65bb36bb,1.414,,,,,,0,0
¤ì‚¬65bb37aa,1.578,,,,,,0,0
¤ì‚¬65bb37ab,1.839,,,,,,0,0
¤ì‚¬65bb37ba,1.839,,,,,,0,0
¤ì‚¬65bb37bb,1.379,,,,,,0,0
¤ì‚¬65bb38aa,1.379,,,,,,0,0
¤ì‚¬65bb38ab,2.038,,,,,,0,0
¤ì‚¬65bb38ba,2.172,,,,,,0,0
¤ì‚¬65bb38bb,3.728,,,,,,0,0
¤ì‚¬65bb39aa,2.136,,,,,,0,0
¤ì‚¬65bb39ab,3.477,,,,,,0,0
¤ì‚¬65bb39ba,3.22,,,,,,0,0
¤ì‚¬65bb39bb,1.897,,,,,,0,0
¤ì‚¬65bb40aa,1.782,,,,,,0,0
¤ì‚¬65bb40ab,2.372,,,,,,0,0
¤ì‚¬66aa26aa,1.437,99,389,85,5,1996.6,0,0
¤ì‚¬66aa26ab,0.969,350,1269,362,23,1996.04,0,0
¤ì‚¬66aa26ba,0.377,171,649,183,16,1996.67,4,0
¤ì‚¬66aa26bb,1.099,235,993,292,12,1995,0,0
¤ì‚¬66aa27aa,1.099,110,248,31,20,1995,0,0
¤ì‚¬66aa27ab,1.099,265,772,86,28,1995.36,2,0
¤ì‚¬66aa27ba,1.455,275,1267,254,16,1996.44,0,0
¤ì‚¬66aa27bb,1.508,259,1061,232,17,1995.29,1,0
¤ì‚¬66aa28aa,1.508,227,544,105,23,1994.65,1,0
¤ì‚¬66aa28ab,1.508,26,69,6,5,1994.8,0,0
¤ì‚¬66aa28ba,1.652,,,,,,0,0
¤ì‚¬66aa28bb,1.724,176,133,0,4,2003,0,0
¤ì‚¬66aa29aa,1.184,348,1174,289,21,1994.9,2,0
¤ì‚¬66aa29ab,1.184,375,1202,245,30,1994.93,0,0
¤ì‚¬66aa29ba,1.184,433,1561,237,19,1994.26,1,0
¤ì‚¬66aa29bb,1.153,465,995,97,17,1995.35,1,0
¤ì‚¬66aa30aa,1.45,394,875,92,9,1994,5,0
¤ì‚¬66aa30ab,1.543,262,1124,360,12,1992.83,1,0
¤ì‚¬66aa30ba,1.543,349,1203,314,21,1992.1,1,0
¤ì‚¬66aa30bb,2.296,306,937,281,11,1993.9,3,0
¤ì‚¬66aa31aa,1.72,273,1011,240,16,1997.44,0,0
¤ì‚¬66aa31ab,1.72,44,380,8,13,2001.85,0,0
¤ì‚¬66aa31ba,2.624,0,0,,2,2007.5,1,0
¤ì‚¬66aa31bb,2.624,,,,,,0,0
¤ì‚¬66aa32aa,2.624,112,351,113,26,2011,0,0
¤ì‚¬66aa32ab,1.964,621,1439,380,29,2010.97,2,0
¤ì‚¬66aa32ba,1.964,309,1097,272,10,2010,1,0
¤ì‚¬66aa32bb,1.964,27,102,33,17,2009.35,3,0
¤ì‚¬66aa33aa,1.452,190,1052,353,12,2009,5,0
¤ì‚¬66aa33ab,2.675,39,179,57,4,2009.25,3,0
¤ì‚¬66aa33ba,0.489,515,1292,280,21,2011,2,0
¤ì‚¬66aa33bb,0.477,264,1125,328,25,2009.16,1,0
¤ì‚¬66aa34aa,0.476,89,630,241,16,2009.75,17,2
¤ì‚¬66aa34ab,0.476,125,816,325,11,2009,2,5
¤ì‚¬66aa34ba,0.476,,,,,,0,0
¤ì‚¬66aa34bb,0.882,0,0,,,,0,0
¤ì‚¬66aa35aa,1.129,,,,,,0,0
¤ì‚¬66aa35ab,1.197,0,0,,,,0,2
¤ì‚¬66aa35ba,2.376,20,37,0,15,2006.67,1,3
¤ì‚¬66aa35bb,2.376,,,,,,0,1
¤ì‚¬66aa36aa,2.376,,,,,,0,0
¤ì‚¬66aa36ab,3.61,,,,,,0,0
¤ì‚¬66aa36ba,3.61,,,,,,0,0
¤ì‚¬66aa36bb,1.764,,,,,,0,0
¤ì‚¬66aa37aa,1.764,,,,,,0,0
¤ì‚¬66aa37ab,1.839,,,,,,0,0
¤ì‚¬66aa37ba,1.839,,,,,,0,0
¤ì‚¬66aa37bb,1.379,,,,,,0,0
¤ì‚¬66aa38aa,1.379,,,,,,0,0
¤ì‚¬66aa38ab,2.138,,,,,,0,1
¤ì‚¬66aa38ba,2.138,,,,,,0,0
¤ì‚¬66aa38bb,2.138,,,,,,0,0
¤ì‚¬66aa39aa,2.136,,,,,,0,0
¤ì‚¬66aa39ab,2.174,,,,,,0,0
¤ì‚¬66aa39ba,1.897,,,,,,0,0
¤ì‚¬66aa39bb,1.897,,,,,,0,0
¤ì‚¬66aa40aa,1.782,,,,,,0,0
¤ì‚¬66aa40ab,1.656,,,,,,0,0
¤ì‚¬66ab26aa,1.437,,,,,,0,0
¤ì‚¬66ab26ab,0.969,182,813,193,9,1995.22,0,0
¤ì‚¬66ab26ba,2.311,326,893,183,10,1995.7,0,0
¤ì‚¬66ab26bb,1.099,237,638,169,25,1995.24,2,1
¤ì‚¬66ab27aa,1.087,,,,,,0,0
¤ì‚¬66ab27ab,1.087,42,80,12,6,1997.67,0,0
¤ì‚¬66ab27ba,1.087,11,12,,2,1997.5,0,0
¤ì‚¬66ab27bb,1.508,100,158,22,11,2000,0,0
¤ì‚¬66ab28aa,1.508,18,38,11,4,1998.25,0,0
¤ì‚¬66ab28ab,1.508,,,,2,2008,0,0
¤ì‚¬66ab28ba,1.965,,,,1,1998,0,0
¤ì‚¬66ab28bb,1.724,,,,1,1996,0,0
¤ì‚¬66ab29aa,1.724,314,1018,260,17,1995.12,3,0
¤ì‚¬66ab29ab,1.724,272,1022,319,32,1994.84,1,0
¤ì‚¬66ab29ba,1.153,325,1071,210,20,1994.9,1,0
¤ì‚¬66ab29bb,1.153,171,735,166,23,1993.48,0,0
¤ì‚¬66ab30aa,1.278,195,829,240,15,1993.2,1,0
¤ì‚¬66ab30ab,1.232,284,1178,399,21,1995.25,2,0
¤ì‚¬66ab30ba,2.296,231,985,368,20,1994.05,2,0
¤ì‚¬66ab30bb,2.296,275,848,224,19,1992,2,0
¤ì‚¬66ab31aa,1.33,123,376,128,15,1992,0,0
¤ì‚¬66ab31ab,2.123,,,,12,1994.25,1,0
¤ì‚¬66ab31ba,2.279,,,,6,1998,2,0
¤ì‚¬66ab31bb,3.157,9,118,6,26,2003.96,0,0
¤ì‚¬66ab32aa,2.501,,0,,4,2005.25,1,0
¤ì‚¬66ab32ab,2.17,27,119,44,1,2011,0,0
¤ì‚¬66ab32ba,1.452,106,527,166,15,2009.13,0,0
¤ì‚¬66ab32bb,1.452,243,938,221,28,2006.82,0,0
¤ì‚¬66ab33aa,1.452,276,997,303,20,1997,0,0
¤ì‚¬66ab33ab,2.675,212,621,146,35,1993.8,0,0
¤ì‚¬66ab33ba,0.698,321,1075,294,18,1995.56,0,0
¤ì‚¬66ab33bb,0.477,223,693,149,11,1992,0,0
¤ì‚¬66ab34aa,0.477,419,1100,247,37,1992,0,0
¤ì‚¬66ab34ab,0.477,417,1042,222,18,1993.56,2,0
¤ì‚¬66ab34ba,0.979,,,,,,0,0
¤ì‚¬66ab34bb,0.649,,6,,7,2002.29,0,0
¤ì‚¬66ab35aa,0.757,,,,,,1,0
¤ì‚¬66ab35ab,1.305,0,0,,2,2010,0,0
¤ì‚¬66ab35ba,7.37,,,,,,0,0
¤ì‚¬66ab35bb,7.37,,,,2,2016.5,0,0
¤ì‚¬66ab36aa,2.376,,,,,,0,0
¤ì‚¬66ab36ab,3.61,,,,,,0,0
¤ì‚¬66ab36ba,3.61,,,,1,2002,0,0
¤ì‚¬66ab36bb,10.676,,,,,,0,0
¤ì‚¬66ab37aa,2.04,,,,,,0,0
¤ì‚¬66ab37ab,1.195,0,,,,,0,0
¤ì‚¬66ab37ba,1.839,0,0,,,,0,0
¤ì‚¬66ab37bb,1.379,189,397,72,9,2004.22,1,0
¤ì‚¬66ab38aa,1.379,,,,,,0,1
¤ì‚¬66ab38ab,1.644,0,0,,5,2018.8,0,1
¤ì‚¬66ab38ba,1.644,,,,,,0,0
¤ì‚¬66ab38bb,2.136,,,,,,0,1
¤ì‚¬66ab39aa,2.136,,,,,,0,0
¤ì‚¬66ab39ab,2.174,,,,8,1991.63,0,0
¤ì‚¬66ab39ba,1.945,,,,,,0,0
¤ì‚¬66ab39bb,1.525,,,,,,0,0
¤ì‚¬66ab40aa,1.525,,,,,,0,0
¤ì‚¬66ab40ab,0.904,,,,,,0,0
¤ì‚¬66ab40ba,0.952,,,,,,0,0
¤ì‚¬66ba26ab,2.36,,,,,,0,0
¤ì‚¬66ba26ba,2.234,86,138,26,20,1999.35,0,0
¤ì‚¬66ba26bb,1.099,171,426,85,16,2000.31,2,2
¤ì‚¬66ba27aa,1.087,210,399,51,13,1995.85,0,10
¤ì‚¬66ba27ab,1.087,,,,1,2003,0,0
¤ì‚¬66ba27ba,1.087,266,185,,1,2003,0,0
¤ì‚¬66ba27bb,2.316,,,,1,2000,0,0
¤ì‚¬66ba28aa,2.316,,,,,,0,0
¤ì‚¬66ba28ab,2.316,,,,,,0,0
¤ì‚¬66ba28ba,1.965,6,18,,4,1998.75,0,0
¤ì‚¬66ba28bb,1.253,179,656,110,117,1997.71,6,15
¤ì‚¬66ba29aa,1.253,134,568,160,18,1996.78,0,0
¤ì‚¬66ba29ab,1.253,193,782,193,9,1994.22,0,0
¤ì‚¬66ba29ba,0.901,254,946,200,19,1994.21,0,0
¤ì‚¬66ba29bb,0.901,199,1029,328,17,1992.29,4,0
¤ì‚¬66ba30aa,0.861,132,753,220,17,1992.59,2,0
¤ì‚¬66ba30ab,0.939,240,1150,443,11,1993,3,0
¤ì‚¬66ba30ba,1.952,175,656,222,11,1993.18,0,0
¤ì‚¬66ba30bb,1.921,,,,,,0,0
¤ì‚¬66ba31aa,0.555,,,,,,0,0
¤ì‚¬66ba31ab,0.555,165,477,115,5,1992,0,0
¤ì‚¬66ba31ba,0.555,204,730,46,17,1994.12,0,0
¤ì‚¬66ba31bb,2.457,8,43,,24,1999.55,1,0
¤ì‚¬66ba32aa,2.261,31,149,0,23,2000.61,1,0
¤ì‚¬66ba32ab,2.17,403,1700,286,14,1993,0,0
¤ì‚¬66ba32ba,2.17,34,127,17,6,2000.25,1,0
¤ì‚¬66ba32bb,2.17,311,635,92,18,1995.12,1,4
¤ì‚¬66ba33aa,2.442,160,597,160,13,1993.08,1,0
¤ì‚¬66ba33ab,2.675,190,437,76,13,1994.77,0,11
¤ì‚¬66ba33ba,0.9,213,749,199,13,1992.85,2,0
¤ì‚¬66ba33bb,0.923,300,901,218,10,1992,2,0
¤ì‚¬66ba34aa,0.923,239,499,102,22,1994.23,3,6
¤ì‚¬66ba34ab,0.649,373,704,128,37,1992.68,0,0
¤ì‚¬66ba34ba,0.649,,,,,,0,0
¤ì‚¬66ba34bb,0.649,,,,3,2005,0,0
¤ì‚¬66ba35aa,0.757,344,1007,317,14,1994.21,0,43
¤ì‚¬66ba35ab,1.407,116,389,124,20,1996,0,0
¤ì‚¬66ba35ba,1.407,,,,,,0,0
¤ì‚¬66ba35bb,7.37,0,,,,,0,0
¤ì‚¬66ba36aa,2.376,,,,,,0,0
¤ì‚¬66ba36ab,3.61,,,,,,0,0
¤ì‚¬66ba36ba,3.61,,,,,,0,0
¤ì‚¬66ba36bb,1.42,,,,,,0,3
¤ì‚¬66ba37aa,2.04,,,,,,0,0
¤ì‚¬66ba37ab,1.195,,,,3,2008.33,0,0
¤ì‚¬66ba37ba,1.128,65,150,38,2,2002,0,0
¤ì‚¬66ba37bb,1.128,195,497,70,37,1994.16,1,3
¤ì‚¬66ba38aa,1.128,,,,1,2013,0,0
¤ì‚¬66ba38ab,0.69,,,,,,0,4
¤ì‚¬66ba38ba,0.69,,,,,,0,0
¤ì‚¬66ba38bb,3.975,,,,1,2017,0,0
¤ì‚¬66ba39aa,3.975,,,,,,0,0
¤ì‚¬66ba39ab,3.975,19,46,,11,1998.82,0,3
¤ì‚¬66ba39ba,4.92,,,,,,0,0
¤ì‚¬66ba39bb,0.904,,,,,,0,1
¤ì‚¬66ba40aa,0.904,,,,,,0,0
¤ì‚¬66ba40ab,0.904,,,,,,0,0
¤ì‚¬66ba40ba,0.952,,,,,,0,0
¤ì‚¬66ba40bb,1.988,,,,,,0,0
¤ì‚¬66bb26ab,2.306,,,,,,0,0
¤ì‚¬66bb26ba,2.234,6,23,0,12,2010.17,0,2
¤ì‚¬66bb26bb,0.733,130,315,62,52,2001.06,2,12
¤ì‚¬66bb27aa,1.087,132,346,52,32,2006.69,2,1
¤ì‚¬66bb27ab,1.087,136,181,21,12,1996.58,1,6
¤ì‚¬66bb27ba,1.087,,,,9,2010.78,1,0
¤ì‚¬66bb27bb,2.316,,,,,,0,0
¤ì‚¬66bb28aa,2.316,,,,,,0,0
¤ì‚¬66bb28ab,2.316,,,,,,0,0
¤ì‚¬66bb28ba,1.804,35,98,14,19,1997.16,1,1
¤ì‚¬66bb28bb,1.253,139,493,70,91,1997.56,4,13
¤ì‚¬66bb29aa,1.253,131,432,70,69,1997.87,3,11
¤ì‚¬66bb29ab,1.253,0,11,0,2,1996.5,0,1
¤ì‚¬66bb29ba,0.47,195,756,120,116,1997.08,2,16
¤ì‚¬66bb29bb,0.47,114,1007,385,26,1994.69,0,0
¤ì‚¬66bb30aa,0.234,275,1227,366,18,1994.18,3,0
¤ì‚¬66bb30ab,1.083,173,743,250,20,1993.35,0,0
¤ì‚¬66bb30ba,1.952,,,,,,0,0
¤ì‚¬66bb30bb,0.902,,,,,,22,0
¤ì‚¬66bb31aa,1.291,149,486,120,19,1991.37,0,0
¤ì‚¬66bb31ab,1.291,381,1120,256,11,1991.18,0,0
¤ì‚¬66bb31ba,1.291,285,1155,300,14,1993.29,4,0
¤ì‚¬66bb31bb,2.786,116,592,130,22,1995.14,1,0
¤ì‚¬66bb32aa,2.261,268,1055,234,27,1994.52,1,0
¤ì‚¬66bb32ab,2.279,272,931,220,27,1992.33,1,0
¤ì‚¬66bb32ba,2.279,248,631,110,15,1994.13,3,0
¤ì‚¬66bb32bb,2.279,161,521,89,17,1993.65,0,4
¤ì‚¬66bb33aa,1.797,119,459,129,11,1995.89,3,0
¤ì‚¬66bb33ab,1.28,103,303,97,26,1996.72,2,7
¤ì‚¬66bb33ba,1.28,199,543,122,25,1994.04,0,0
¤ì‚¬66bb33bb,2.199,176,607,145,13,1994.08,3,0
¤ì‚¬66bb34aa,2.199,171,485,122,19,1999.32,0,5
¤ì‚¬66bb34ab,2.199,158,363,109,20,1994.95,4,0
¤ì‚¬66bb34ba,0.649,97,179,30,19,1996,1,0
¤ì‚¬66bb34bb,0.649,72,381,14,11,1999.82,2,0
¤ì‚¬66bb35aa,1.504,330,969,252,66,1993,3,0
¤ì‚¬66bb35ab,1.504,153,632,149,45,2009.05,6,0
¤ì‚¬66bb35ba,1.504,28,198,47,33,2011.42,3,0
¤ì‚¬66bb35bb,7.37,0,0,,2,2010,0,0
¤ì‚¬66bb36aa,3.127,,,,,,0,0
¤ì‚¬66bb36ab,7.889,,,,,,0,0
¤ì‚¬66bb36ba,2.09,65,306,103,47,2017.23,0,12
¤ì‚¬66bb36bb,1.42,318,550,53,48,1999.98,1,15
¤ì‚¬66bb37aa,0.762,311,668,75,115,2000.78,3,30
¤ì‚¬66bb37ab,0.762,66,184,27,31,1998.87,1,16
¤ì‚¬66bb37ba,8.574,205,396,44,39,1994.82,1,8
¤ì‚¬66bb37bb,8.574,566,1286,155,143,1991.96,3,22
¤ì‚¬66bb38aa,7.724,606,1161,95,222,1992.25,2,40
¤ì‚¬66bb38ab,0.69,331,595,57,189,1990.41,2,38
¤ì‚¬66bb38ba,0.69,151,275,12,71,1992.49,2,18
¤ì‚¬66bb38bb,3.975,0,0,,8,2007.13,0,0
¤ì‚¬66bb39aa,3.975,,,,1,2001,0,0
¤ì‚¬66bb39ab,0.207,24,52,0,18,2001.22,1,8
¤ì‚¬66bb39ba,4.92,0,0,,1,1994,0,3
¤ì‚¬66bb39bb,0.904,0,14,0,10,2005,0,0
¤ì‚¬66bb40aa,0.904,0,8,0,15,2007.27,0,6
¤ì‚¬66bb40ab,0.904,,0,,12,2007.17,0,0
¤ì‚¬66bb40ba,0.952,0,,,2,2008,0,0
¤ì‚¬66bb40bb,1.988,0,0,,13,2004.62,1,1
¤ì‚¬66bb41aa,2.516,,,,1,1999,0,0
¤ì‚¬67aa26ba,2.713,,0,,1,2017,0,0
¤ì‚¬67aa26bb,2.908,6,21,0,13,2005.92,0,1
¤ì‚¬67aa27aa,0.733,20,49,6,19,2003.79,0,7
¤ì‚¬67aa27ab,1.045,0,0,,2,2008.5,0,0
¤ì‚¬67aa27ba,1.045,,,,3,2009.67,0,0
¤ì‚¬67aa27bb,2.316,,,,,,0,0
¤ì‚¬67aa28aa,2.316,,,,,,0,0
¤ì‚¬67aa28ab,2.316,,,,,,0,0
¤ì‚¬67aa28ba,1.804,,,,,,0,0
¤ì‚¬67aa28bb,1.253,0,12,0,2,1997,0,1
¤ì‚¬67aa29aa,1.253,0,16,,3,1997.67,1,0
¤ì‚¬67aa29ab,1.253,91,333,48,52,1997.08,1,17
¤ì‚¬67aa29ba,0.234,217,722,88,119,1996.82,3,20
¤ì‚¬67aa29bb,0.234,39,182,55,21,1997.76,1,0
¤ì‚¬67aa30aa,0.234,132,763,242,19,1992.05,1,0
¤ì‚¬67aa30ab,1.083,369,1367,366,40,1992.7,2,0
¤ì‚¬67aa30ba,1.495,105,479,168,3,1993,0,0
¤ì‚¬67aa30bb,0.902,76,346,109,3,1991.33,0,0
¤ì‚¬67aa31aa,1.291,302,1205,408,18,1991.67,2,0
¤ì‚¬67aa31ab,1.291,235,821,206,9,1993,0,0
¤ì‚¬67aa31ba,1.291,269,901,277,14,1992.33,2,0
¤ì‚¬67aa31bb,2.786,160,693,163,64,1999.25,2,11
¤ì‚¬67aa32aa,2.786,45,173,54,4,1992,1,0
¤ì‚¬67aa32ab,2.279,132,442,78,13,1992,0,6
¤ì‚¬67aa32ba,2.279,116,573,160,10,1992,0,5
¤ì‚¬67aa32bb,2.279,200,696,217,12,1998.33,0,3
¤ì‚¬67aa33aa,1.797,124,631,217,16,1996.69,1,6
¤ì‚¬67aa33ab,2.136,95,447,150,28,1997.82,0,3
¤ì‚¬67aa33ba,1.414,225,537,122,7,1994,0,0
¤ì‚¬67aa33bb,1.414,207,615,168,11,1993.55,0,0
¤ì‚¬67aa34aa,1.414,279,1013,285,19,1996.63,1,3
¤ì‚¬67aa34ab,2.199,406,1109,290,16,1994.31,1,17
¤ì‚¬67aa34ba,0.31,89,295,44,17,1998.18,1,4
¤ì‚¬67aa34bb,0.31,38,190,0,16,1999.75,3,0
¤ì‚¬67aa35aa,1.504,362,895,175,11,1993,0,0
¤ì‚¬67aa35ab,1.504,199,748,186,54,1998.94,0,0
¤ì‚¬67aa35ba,1.504,22,274,42,16,2013.81,1,0
¤ì‚¬67aa35bb,2.064,,,,,,0,0
¤ì‚¬67aa36aa,2.581,,,,,,0,0
¤ì‚¬67aa36ab,1.368,,,,1,1994,0,0
¤ì‚¬67aa36ba,1.368,9,164,0,3,2019.33,1,0
¤ì‚¬67aa36bb,1.368,196,404,23,77,1991.69,3,40
¤ì‚¬67aa37aa,0.762,303,524,28,109,1995.1,6,23
¤ì‚¬67aa37ab,0.762,237,653,92,116,1992.23,4,30
¤ì‚¬67aa37ba,0.198,584,1329,177,256,1992.14,5,53
¤ì‚¬67aa37bb,0.447,388,849,94,127,1991.1,6,23
¤ì‚¬67aa38aa,0.447,571,1323,124,275,1990.34,4,41
¤ì‚¬67aa38ab,0.69,641,1151,83,491,1987.74,5,60
¤ì‚¬67aa38ba,0.69,356,694,76,250,1990.42,3,47
¤ì‚¬67aa38bb,3.975,230,765,98,81,1997.08,3,11
¤ì‚¬67aa39aa,1.322,0,18,,2,1998,0,0
¤ì‚¬67aa39ab,0.207,48,242,25,35,2003.26,2,0
¤ì‚¬67aa39ba,0.207,196,743,96,105,2002.61,1,5
¤ì‚¬67aa39bb,3.506,102,398,54,50,2002.7,2,5
¤ì‚¬67aa40aa,3.506,66,212,30,22,2001.05,0,0
¤ì‚¬67aa40ab,3.506,182,826,166,112,2004.88,5,0
¤ì‚¬67aa40ba,1.674,176,741,165,105,2006.29,3,0
¤ì‚¬67aa40bb,1.674,129,392,90,60,2004.9,4,1
¤ì‚¬67aa41aa,1.634,25,75,17,12,2006.33,3,0
¤ì‚¬67ab26ba,2.713,,,,,,0,0
¤ì‚¬67ab26bb,2.908,,,,,,0,0
¤ì‚¬67ab27aa,1.045,,,,,,0,0
¤ì‚¬67ab27ab,6.101,0,0,,,,0,0
¤ì‚¬67ab27ba,6.001,,,,,,0,0
¤ì‚¬67ab27bb,6.001,,,,,,0,0
¤ì‚¬67ab28aa,5.605,,,,,,0,0
¤ì‚¬67ab28ab,5.605,,,,,,0,0
¤ì‚¬67ab28ba,5.605,,,,,,0,0
¤ì‚¬67ab28bb,5.391,,,,,,0,0
¤ì‚¬67ab29aa,1.489,,,,,,0,0
¤ì‚¬67ab29ab,1.489,,,,,,0,0
¤ì‚¬67ab29ba,0.793,101,414,57,63,1998.38,1,12
¤ì‚¬67ab29bb,0.403,,,,,,0,0
¤ì‚¬67ab30aa,1,97,254,67,12,1996.08,0,0
¤ì‚¬67ab30ab,1,229,1146,369,24,1992.71,0,0
¤ì‚¬67ab30ba,1,293,1138,342,21,1992.71,2,0
¤ì‚¬67ab30bb,0.902,358,1130,245,15,1991.87,0,0
¤ì‚¬67ab31aa,1.291,269,851,190,12,1991.58,1,0
¤ì‚¬67ab31ab,1.291,328,1455,402,21,1991.48,0,0
¤ì‚¬67ab31ba,1.291,124,505,146,19,1995.26,1,0
¤ì‚¬67ab31bb,2.786,49,218,40,36,2002.36,1,6
¤ì‚¬67ab32aa,2.58,,,,,,0,0
¤ì‚¬67ab32ab,2.279,23,72,10,6,2003.83,0,0
¤ì‚¬67ab32ba,2.279,16,49,9,18,2003.83,1,4
¤ì‚¬67ab32bb,2.279,26,85,15,15,2006.8,2,7
¤ì‚¬67ab33aa,1.797,23,87,14,14,2003.5,1,7
¤ì‚¬67ab33ab,2.136,101,298,66,57,2004.35,1,17
¤ì‚¬67ab33ba,1.414,,12,0,7,2005,0,2
¤ì‚¬67ab33bb,1.414,,,,10,2006.4,0,0
¤ì‚¬67ab34aa,1.414,68,285,90,14,1995.86,0,2
¤ì‚¬67ab34ab,0.892,535,1123,195,21,1994,3,1
¤ì‚¬67ab34ba,0.892,400,876,77,94,1997.48,3,17
¤ì‚¬67ab34bb,0.892,133,535,39,103,1997.29,3,25
¤ì‚¬67ab35aa,1.772,485,905,151,31,1993.61,3,1
¤ì‚¬67ab35ab,1.772,264,909,256,21,2001.43,1,0
¤ì‚¬67ab35ba,1.504,156,772,276,61,2012.34,3,0
¤ì‚¬67ab35bb,2.115,31,133,26,26,2010.65,1,2
¤ì‚¬67ab36aa,2.675,,,,,,0,3
¤ì‚¬67ab36ab,1.485,,,,,,0,0
¤ì‚¬67ab36ba,1.485,140,362,26,43,2002.65,2,14
¤ì‚¬67ab36bb,1.485,646,1368,135,184,1996.58,2,37
¤ì‚¬67ab37aa,0.762,305,546,25,176,1993.24,4,29
¤ì‚¬67ab37ab,0.762,140,249,16,107,1990.67,1,16
¤ì‚¬67ab37ba,0.198,647,1066,96,488,1989.98,5,82
¤ì‚¬67ab37bb,0.447,587,1117,118,342,1989.44,7,58
¤ì‚¬67ab38aa,0.447,402,736,68,254,1988.37,4,45
¤ì‚¬67ab38ab,0.606,452,898,132,224,1990.39,6,42
¤ì‚¬67ab38ba,0.606,724,1456,130,570,1989.18,4,84
¤ì‚¬67ab38bb,0.907,389,953,114,309,1989.47,3,48
¤ì‚¬67ab39aa,1.322,,,,,,0,0
¤ì‚¬67ab39ab,0.207,40,138,14,14,2004.79,2,1
¤ì‚¬67ab39ba,0.207,123,406,41,49,2003,1,4
¤ì‚¬67ab39bb,0.207,,,,,,0,0
¤ì‚¬67ab40aa,0.858,,,,,,0,0
¤ì‚¬67ab40ab,1.674,26,85,21,18,2001.18,1,2
¤ì‚¬67ab40ba,1.67,44,123,16,16,2004.94,1,1
¤ì‚¬67ab40bb,2.316,59,206,22,31,2005.52,1,1
¤ì‚¬67ab41aa,2.316,,,,,,0,0
¤ì‚¬67ab41ab,1.083,,,,,,0,0
¤ì‚¬67ba26ba,2.713,,,,,,0,0
¤ì‚¬67ba26bb,6.396,,,,,,0,0
¤ì‚¬67ba27aa,6.356,,,,,,0,0
¤ì‚¬67ba27ab,5.96,,,,,,0,0
¤ì‚¬67ba27ba,6.001,,,,,,0,0
¤ì‚¬67ba27bb,6.001,,,,,,0,0
¤ì‚¬67ba28aa,5.605,,,,,,0,0
¤ì‚¬67ba28ab,5.605,,,,,,0,0
¤ì‚¬67ba28ba,5.605,,,,,,0,0
¤ì‚¬67ba28bb,5.172,,,,,,0,0
¤ì‚¬67ba29aa,5.26,,,,,,0,0
¤ì‚¬67ba29ab,1.134,,,,,,0,0
¤ì‚¬67ba29ba,0.793,,,,,,0,0
¤ì‚¬67ba29bb,1.362,10,24,8,5,1990.6,1,0
¤ì‚¬67ba30aa,1.373,116,283,58,37,2001.97,2,0
¤ì‚¬67ba30ab,1.373,241,759,207,16,1995.56,1,0
¤ì‚¬67ba30ba,1.373,235,855,216,21,1992.86,3,0
¤ì‚¬67ba30bb,1.394,256,771,128,25,1994.04,3,0
¤ì‚¬67ba31aa,1.394,249,1022,293,20,1991.85,1,0
¤ì‚¬67ba31ab,1.141,73,274,75,6,1998,0,0
¤ì‚¬67ba31ba,1.604,10,18,0,7,1999.43,1,0
¤ì‚¬67ba31bb,1.836,97,350,58,48,2004.29,1,13
¤ì‚¬67ba32aa,2.58,8,15,0,2,2002.5,0,0
¤ì‚¬67ba32ab,2.92,62,144,15,21,2002.1,0,4
¤ì‚¬67ba32ba,2.92,143,373,46,30,2002.63,2,17
¤ì‚¬67ba32bb,2.97,42,91,20,12,2004.33,1,8
¤ì‚¬67ba33aa,2.97,80,266,42,48,2004.48,2,17
¤ì‚¬67ba33ab,2.136,41,113,13,23,2002.48,2,14
¤ì‚¬67ba33ba,1.414,,,,,,0,0
¤ì‚¬67ba33bb,1.414,,,,5,2001,0,0
¤ì‚¬67ba34aa,1.414,11,34,0,6,2003.5,0,2
¤ì‚¬67ba34ab,0.892,277,756,119,20,1996.55,0,1
¤ì‚¬67ba34ba,0.892,250,617,89,74,1995.82,1,18
¤ì‚¬67ba34bb,0.892,130,472,60,112,1996.36,1,8
¤ì‚¬67ba35aa,1.772,553,1569,341,20,1994.5,0,0
¤ì‚¬67ba35ab,1.772,399,1284,308,23,2003.61,0,0
¤ì‚¬67ba35ba,1.293,126,787,296,35,2012.77,3,0
¤ì‚¬67ba35bb,14.277,14,88,30,17,2012.5,0,0
¤ì‚¬67ba36aa,14.277,,,,,,0,0
¤ì‚¬67ba36ab,14.277,,,,,,0,0
¤ì‚¬67ba36ba,2.772,140,313,23,49,1998,1,10
¤ì‚¬67ba36bb,1.485,756,1458,120,259,1995.34,2,64
¤ì‚¬67ba37aa,1.203,785,1467,138,162,1995.06,0,49
¤ì‚¬67ba37ab,1.04,242,693,66,163,1991.17,2,30
¤ì‚¬67ba37ba,0.361,614,1203,129,470,1989.5,5,79
¤ì‚¬67ba37bb,0.327,738,1114,68,587,1986.74,5,83
¤ì‚¬67ba38aa,0.362,395,723,71,176,1988.41,5,36
¤ì‚¬67ba38ab,0.642,390,951,160,160,1993.18,5,45
¤ì‚¬67ba38ba,0.642,593,1127,125,349,1988.36,4,64
¤ì‚¬67ba38bb,1.274,637,1291,158,537,1988.95,3,45
¤ì‚¬67ba39aa,1.322,126,711,209,51,2005,1,3
¤ì‚¬67ba39ab,0.447,,,,,,0,0
¤ì‚¬67ba39ba,0.447,,,,,,0,2
¤ì‚¬67ba39bb,0.447,,,,,,0,0
¤ì‚¬67ba40aa,1.469,0,0,,6,2006.83,1,1
¤ì‚¬67ba40ab,1.469,,,,,,0,0
¤ì‚¬67ba40ba,1.469,,,,7,2000.29,0,1
¤ì‚¬67ba40bb,1.793,,,,10,1991.3,0,0
¤ì‚¬67ba41aa,1.793,,,,,,0,2
¤ì‚¬67ba41ab,1.083,56,207,22,1,2017,0,0
¤ì‚¬67ba41ba,1.083,684,1444,122,23,2017,0,0
¤ì‚¬67ba41bb,1.083,,,,,,0,0
¤ì‚¬67bb26bb,6.259,,,,,,0,0
¤ì‚¬67bb27aa,6.129,,,,,,0,0
¤ì‚¬67bb27ab,6.129,,,,,,0,0
¤ì‚¬67bb28bb,4.901,,,,,,0,0
¤ì‚¬67bb29aa,5.025,,,,,,0,0
¤ì‚¬67bb29ab,1.134,,,,,,0,0
¤ì‚¬67bb29ba,0.973,,,,,,0,0
¤ì‚¬67bb29bb,1.362,47,118,27,13,1999,0,0
¤ì‚¬67bb30aa,1.75,201,561,119,17,1996.29,0,0
¤ì‚¬67bb30ab,1.75,426,1604,383,35,1994,2,0
¤ì‚¬67bb30ba,1.75,167,636,193,22,1997.5,0,0
¤ì‚¬67bb30bb,1.394,289,1014,226,21,1992.33,0,0
¤ì‚¬67bb31aa,1.394,123,426,71,38,1998.16,1,15
¤ì‚¬67bb31ab,1.353,0,6,,3,1996.67,0,0
¤ì‚¬67bb31ba,1.604,16,18,0,21,2001.24,1,4
¤ì‚¬67bb31bb,1.604,66,155,32,33,2004.27,1,12
¤ì‚¬67bb32aa,2.558,,,,4,2006.5,0,1
¤ì‚¬67bb32ab,2.873,61,192,36,22,2007.27,1,21
¤ì‚¬67bb32ba,2.873,,,,,,0,0
¤ì‚¬67bb32bb,2.97,,,,,,0,0
¤ì‚¬67bb33aa,2.97,,6,0,2,2006.5,0,1
¤ì‚¬67bb33ab,2.433,17,55,11,11,2007.09,0,5
¤ì‚¬67bb33ba,1.873,,,,,,0,0
¤ì‚¬67bb33bb,1.873,,,,,,0,0
¤ì‚¬67bb34aa,1.873,55,163,27,31,2006.03,1,12
¤ì‚¬67bb34ab,0.892,120,376,49,32,2003.53,3,15
¤ì‚¬67bb34ba,0.892,212,713,88,105,1996.26,0,26
¤ì‚¬67bb34bb,0.892,198,698,118,117,1996.23,2,19
¤ì‚¬67bb35aa,1.772,351,1147,286,19,1994.68,2,0
¤ì‚¬67bb35ab,1.772,136,499,123,37,2015.97,0,0
¤ì‚¬67bb35ba,1.602,258,1206,456,15,2014.8,0,0
¤ì‚¬67bb35bb,14.277,30,119,42,16,2015,0,2
¤ì‚¬67bb36aa,14.277,,,,,,0,0
¤ì‚¬67bb36ab,14.277,,,,,,0,1
¤ì‚¬67bb36ba,1.462,153,516,83,52,1997.24,3,19
¤ì‚¬67bb36bb,1.462,364,868,146,102,1995.65,2,26
¤ì‚¬67bb37aa,0.564,71,186,21,12,2000.83,1,3
¤ì‚¬67bb37ab,0.564,147,523,44,95,1993.64,1,16
¤ì‚¬67bb37ba,0.261,732,1374,112,587,1990.11,6,87
¤ì‚¬67bb37bb,0.327,763,1401,124,611,1989.35,5,108
¤ì‚¬67bb38aa,0.362,309,772,90,223,1987.35,5,63
¤ì‚¬67bb38ab,0.642,574,1310,148,205,1992.99,4,34
¤ì‚¬67bb38ba,0.642,603,1505,203,236,1992.95,5,41
¤ì‚¬67bb38bb,0.642,738,1423,119,646,1988.49,4,82
¤ì‚¬67bb39aa,1.628,204,485,45,228,1989,2,27
¤ì‚¬67bb39ab,1.08,0,,,1,1978,0,6
¤ì‚¬67bb39ba,1.08,,,,,,0,0
¤ì‚¬67bb39bb,1.401,,,,,,0,0
¤ì‚¬67bb40aa,1.469,,0,,18,2003.28,0,8
¤ì‚¬67bb40ab,1.469,,,,4,2012.75,1,7
¤ì‚¬67bb40ba,1.805,10,10,,14,2000.86,2,4
¤ì‚¬67bb40bb,1.793,66,254,72,49,2015.55,0,3
¤ì‚¬67bb41aa,1.793,81,262,68,16,2015.69,0,1
¤ì‚¬67bb41ab,1.083,48,194,58,4,2016,0,0
¤ì‚¬67bb41ba,1.083,533,1079,209,7,2017,0,0
¤ì‚¬68aa29aa,4.948,,,,,,0,0
¤ì‚¬68aa29ab,5.202,,,,,,0,0
¤ì‚¬68aa29ba,2.043,78,216,25,30,1997.8,1,11
¤ì‚¬68aa29bb,1.362,83,234,30,29,1998.28,0,6
¤ì‚¬68aa30aa,1.75,430,1033,160,27,1993.52,1,0
¤ì‚¬68aa30ab,1.75,148,358,48,13,1995.85,2,0
¤ì‚¬68aa30ba,1.75,72,294,73,23,1997.1,2,0
¤ì‚¬68aa30bb,1.937,172,640,113,73,1997.56,5,31
¤ì‚¬68aa31aa,1.937,72,245,45,41,1998.17,2,11
¤ì‚¬68aa31ab,2.058,0,,,,,0,0
¤ì‚¬68aa31ba,2.295,35,94,20,13,2003.92,0,1
¤ì‚¬68aa31bb,2.295,33,107,28,13,2007.17,0,3
¤ì‚¬68aa32aa,2.854,,,,,,0,0
¤ì‚¬68aa32ab,2.854,,,,,,0,0
¤ì‚¬68aa32ba,2.854,,,,,,0,0
¤ì‚¬68aa32bb,2.97,,,,,,0,0
¤ì‚¬68aa33aa,2.822,,,,,,0,0
¤ì‚¬68aa33ab,2.508,,,,,,0,0
¤ì‚¬68aa33ba,1.873,,,,,,0,0
¤ì‚¬68aa33bb,1.873,,,,,,0,0
¤ì‚¬68aa34aa,1.844,37,155,25,20,2000.35,1,4
¤ì‚¬68aa34ab,1.844,673,756,36,33,2003.85,1,13
¤ì‚¬68aa34ba,1.844,285,849,163,49,1995.98,0,0
¤ì‚¬68aa34bb,1.119,188,609,105,44,1995.07,0,0
¤ì‚¬68aa35aa,1.576,171,527,89,12,1993.17,5,0
¤ì‚¬68aa35ab,1.576,,,,,,0,2
¤ì‚¬68aa35ba,3.071,,,,,,0,0
¤ì‚¬68aa35bb,14.277,,,,,,0,0
¤ì‚¬68aa36aa,14.277,,,,,,0,0
¤ì‚¬68aa36ab,14.277,,,,,,0,0
¤ì‚¬68aa36ba,1.462,315,803,119,51,1991.43,0,9
¤ì‚¬68aa36bb,1.462,172,423,94,17,1992.53,1,2
¤ì‚¬68aa37aa,0.564,238,540,67,85,1991.81,1,21
¤ì‚¬68aa37ab,0.564,428,1950,280,114,1995.18,1,21
¤ì‚¬68aa37ba,0.387,296,751,76,177,1991.88,3,43
¤ì‚¬68aa37bb,0.387,629,1344,121,561,1989.24,6,109
¤ì‚¬68aa38aa,0.362,656,1286,131,534,1988.78,5,196
¤ì‚¬68aa38ab,0.642,158,381,48,83,1991.55,5,14
¤ì‚¬68aa38ba,0.642,526,1300,204,183,1993.06,6,41
¤ì‚¬68aa38bb,0.642,591,1244,146,531,1988.66,8,82
¤ì‚¬68aa39aa,0.827,451,1039,93,436,1989.58,6,88
¤ì‚¬68aa39ab,1.08,,,,,,0,0
¤ì‚¬68aa39ba,1.08,,,,,,0,0
¤ì‚¬68aa39bb,1.401,,,,,,0,0
¤ì‚¬68aa40aa,1.469,28,27,,14,2004,0,3
¤ì‚¬68aa40ab,1.42,,,,7,2001.71,1,4
¤ì‚¬68aa40ba,1.805,32,526,28,12,2016.83,0,1
¤ì‚¬68aa40bb,1.899,167,766,214,98,2015.82,0,2
¤ì‚¬68aa41aa,1.899,66,278,79,38,2016.03,0,0
¤ì‚¬68aa41ab,1.899,149,782,268,20,2016.25,0,0
¤ì‚¬68aa41ba,1.255,204,1163,495,36,2017,0,0
¤ì‚¬68ab28bb,4.611,,,,,,0,0
¤ì‚¬68ab29aa,4.195,,,,,,0,0
¤ì‚¬68ab29ab,5.202,,,,,,0,0
¤ì‚¬68ab29ba,2.043,76,236,25,35,1997.83,2,13
¤ì‚¬68ab29bb,2.342,276,932,123,140,1997.55,4,21
¤ì‚¬68ab30aa,1.75,249,480,63,19,1998.42,2,0
¤ì‚¬68ab30ab,1.75,381,986,231,9,1993.22,2,0
¤ì‚¬68ab30ba,1.75,156,546,98,48,1995.4,4,3
¤ì‚¬68ab30bb,1.937,74,245,24,40,1997.33,1,14
¤ì‚¬68ab31aa,1.937,9,19,0,3,2002,0,1
¤ì‚¬68ab31ab,2.058,0,0,,,,0,0
¤ì‚¬68ab31ba,2.295,,,,4,2004.25,0,0
¤ì‚¬68ab31bb,2.295,,,,,,0,0
¤ì‚¬68ab32aa,2.854,,,,,,0,0
¤ì‚¬68ab32ab,2.854,,,,,,0,0
¤ì‚¬68ab32ba,2.854,,,,,,0,0
¤ì‚¬68ab32bb,2.873,,,,,,0,0
¤ì‚¬68ab33aa,3.293,,,,,,0,0
¤ì‚¬68ab33ab,3.293,,,,,,0,0
¤ì‚¬68ab33ba,3.293,,,,,,0,0
¤ì‚¬68ab33bb,2.265,,,,,,0,0
¤ì‚¬68ab34aa,1.844,57,174,56,8,2000.13,1,1
¤ì‚¬68ab34ab,1.844,433,838,134,17,1995.24,1,0
¤ì‚¬68ab34ba,1.844,113,529,130,12,2003.17,1,0
¤ì‚¬68ab34bb,1.425,185,898,184,12,1995.58,0,0
¤ì‚¬68ab35aa,1.441,153,449,76,9,1994.67,0,0
¤ì‚¬68ab35ab,1.531,,,,,,0,0
¤ì‚¬68ab35ba,1.342,,,,,,0,0
¤ì‚¬68ab35bb,1.923,,,,,,0,0
¤ì‚¬68ab36aa,1.923,,,,,,0,0
¤ì‚¬68ab36ab,1.462,0,0,,3,1994.33,0,3
¤ì‚¬68ab36ba,1.462,150,343,51,57,1994.54,5,37
¤ì‚¬68ab36bb,1.462,0,0,,7,1992.71,2,1
¤ì‚¬68ab37aa,0.947,238,507,57,98,1990.35,3,23
¤ì‚¬68ab37ab,0.564,414,1077,177,170,1992.83,4,36
¤ì‚¬68ab37ba,0.837,214,517,97,93,1991.27,2,33
¤ì‚¬68ab37bb,0.837,517,954,66,380,1989.24,3,110
¤ì‚¬68ab38aa,0.837,717,1573,228,489,1989.33,7,148
¤ì‚¬68ab38ab,0.624,304,968,197,116,1989.7,4,31
¤ì‚¬68ab38ba,0.624,562,1391,232,199,1988.25,6,52
¤ì‚¬68ab38bb,0.376,500,1110,145,269,1990.3,7,51
¤ì‚¬68ab39aa,0.827,67,135,6,63,1991.46,1,18
¤ì‚¬68ab39ab,1.08,,,,,,0,1
¤ì‚¬68ab39ba,1.299,,,,,,0,0
¤ì‚¬68ab39bb,1.299,,,,,,0,1
¤ì‚¬68ab40aa,1.933,,,,23,1998.96,0,6
¤ì‚¬68ab40ab,1.42,0,0,,12,2008.33,2,4
¤ì‚¬68ab40ba,1.805,52,501,41,3,2016.67,0,0
¤ì‚¬68ab40bb,1.899,81,465,168,26,2017,0,0
¤ì‚¬68ab41aa,1.899,35,175,55,8,2017,0,0
¤ì‚¬68ab41ab,1.899,316,984,262,61,2016.08,0,0
¤ì‚¬68ab41ba,0.518,40,250,50,7,2016.29,0,0
¤ì‚¬68ba28bb,3.948,,,,,,0,0
¤ì‚¬68ba29aa,3.948,,,,,,0,0
¤ì‚¬68ba29ab,3.914,,,,,,0,0
¤ì‚¬68ba29ba,4.585,,,,,,0,0
¤ì‚¬68ba29bb,2.342,109,410,47,60,1998.33,3,12
¤ì‚¬68ba30aa,2.342,281,779,130,109,1997.24,6,28
¤ì‚¬68ba30ab,2.342,147,505,110,44,1996.16,3,6
¤ì‚¬68ba30ba,1.977,90,313,43,46,1998.37,1,6
¤ì‚¬68ba30bb,1.977,119,350,55,54,1997.48,2,4
¤ì‚¬68ba31aa,2.302,,,,2,2004,0,0
¤ì‚¬68ba31ab,2.058,,,,,,0,0
¤ì‚¬68ba31ba,2.295,,,,,,0,0
¤ì‚¬68ba31bb,2.295,,,,,,0,14
¤ì‚¬68ba32aa,2.854,,,,,,0,0
¤ì‚¬68ba32ab,2.854,,,,,,0,0
¤ì‚¬68ba32ba,2.854,,,,,,0,0
¤ì‚¬68ba32bb,4.301,,,,,,0,0
¤ì‚¬68ba33aa,3.293,,,,,,0,0
¤ì‚¬68ba33ab,3.293,,,,,,0,0
¤ì‚¬68ba33ba,3.293,,,,,,0,0
¤ì‚¬68ba33bb,2.761,,,,,,0,0
¤ì‚¬68ba34aa,1.844,146,392,78,17,1994.53,2,16
¤ì‚¬68ba34ab,1.844,192,570,109,37,1997.62,2,0
¤ì‚¬68ba34ba,1.844,33,44,9,8,1998.86,0,0
¤ì‚¬68ba34bb,2.309,234,611,102,11,2003.09,1,0
¤ì‚¬68ba35aa,1.441,32,150,53,2,2010,0,0
¤ì‚¬68ba35ab,1.531,,,,,,0,0
¤ì‚¬68ba35ba,1.598,,,,,,0,0
¤ì‚¬68ba35bb,1.861,,,,,,0,0
¤ì‚¬68ba36aa,1.643,,,,,,0,0
¤ì‚¬68ba36ab,1.643,66,188,28,31,1996.65,0,12
¤ì‚¬68ba36ba,1.643,130,322,51,78,1994.76,1,19
¤ì‚¬68ba36bb,1.104,234,766,200,49,1996,1,13
¤ì‚¬68ba37aa,0.929,,,,1,1997,0,0
¤ì‚¬68ba37ab,0.803,73,167,24,14,1998.62,0,4
¤ì‚¬68ba37ba,1.139,342,814,137,165,1990.81,5,82
¤ì‚¬68ba37bb,1.139,42,84,0,195,1987.55,4,37
¤ì‚¬68ba38aa,1.139,530,1019,85,459,1986.89,4,64
¤ì‚¬68ba38ab,0.75,751,1435,128,566,1988.32,8,92
¤ì‚¬68ba38ba,0.75,141,390,72,67,1993.19,3,40
¤ì‚¬68ba38bb,0.75,344,950,177,96,1994.4,5,63
¤ì‚¬68ba39aa,0.37,49,151,41,9,1997.56,2,5
¤ì‚¬68ba39ab,1.149,525,1888,472,22,2020,0,0
¤ì‚¬68ba39ba,1.299,142,556,154,3,2020,0,0
¤ì‚¬68ba39bb,2.285,,,,1,2004,0,0
¤ì‚¬68ba40aa,1.32,13,28,13,13,2002.46,0,9
¤ì‚¬68ba40ab,1.32,223,681,148,26,2019,0,0
¤ì‚¬68ba40ba,1.32,203,647,150,32,2015.09,0,0
¤ì‚¬68ba40bb,1.899,237,1528,638,13,2015.77,0,0
¤ì‚¬68ba41aa,1.899,57,382,170,4,2015.5,0,1
¤ì‚¬68ba41ab,1.899,491,984,90,10,2015.7,0,0
¤ì‚¬68ba41ba,0.518,923,1582,113,10,2016,0,0
¤ì‚¬68bb29aa,3.73,,,,,,0,0
¤ì‚¬68bb29ab,3.73,,,,,,0,0
¤ì‚¬68bb29ba,4.585,,,,,,0,0
¤ì‚¬68bb29bb,2.342,,,,,,1,0
¤ì‚¬68bb30aa,2.342,41,157,13,28,1997,2,7
¤ì‚¬68bb30ab,3.045,77,204,20,12,1995,0,0
¤ì‚¬68bb30ba,2.903,,,,1,1996,0,0
¤ì‚¬68bb30bb,2.788,,,,,,0,0
¤ì‚¬68bb31aa,2.56,,,,,,1,0
¤ì‚¬68bb31ab,2.315,,,,,,0,0
¤ì‚¬68bb31ba,2.315,0,0,0,9,1996.11,0,2
¤ì‚¬68bb31bb,3.28,29,104,21,20,2012.4,0,3
¤ì‚¬68bb32aa,3.28,,,,,,0,0
¤ì‚¬68bb32ab,3.28,,,,,,0,0
¤ì‚¬68bb32ba,4.023,,,,,,0,0
¤ì‚¬68bb32bb,4.301,,,,,,0,0
¤ì‚¬68bb33aa,3.293,,,,,,0,0
¤ì‚¬68bb33ab,2.98,,,,,,0,0
¤ì‚¬68bb33ba,2.98,,,,,,0,0
¤ì‚¬68bb33bb,2.98,,,,,,0,0
¤ì‚¬68bb34aa,2.013,130,473,131,22,1995.23,1,0
¤ì‚¬68bb34ab,2.013,197,560,106,27,1994.15,2,0
¤ì‚¬68bb34ba,2.013,12,18,0,8,1994.5,0,0
¤ì‚¬68bb34bb,2.309,158,453,123,7,2004.29,0,0
¤ì‚¬68bb35aa,1.441,182,797,226,53,2009.11,1,0
¤ì‚¬68bb35ab,1.49,,,,,,1,0
¤ì‚¬68bb35ba,1.598,,,,,,0,0
¤ì‚¬68bb35bb,12.458,,,,,,0,0
¤ì‚¬68bb36aa,1.643,,,,,,0,0
¤ì‚¬68bb36ab,1.643,108,260,28,31,1998.39,1,14
¤ì‚¬68bb36ba,1.643,298,696,104,87,1994.66,5,22
¤ì‚¬68bb36bb,1.104,254,480,51,117,1989.34,3,22
¤ì‚¬68bb37aa,0.929,,,,1,1993,0,0
¤ì‚¬68bb37ab,2.016,212,747,217,36,2000.2,0,2
¤ì‚¬68bb37ba,1.383,142,590,182,14,2013.14,4,71
¤ì‚¬68bb37bb,1.383,13,22,0,213,1988.45,2,83
¤ì‚¬68bb38aa,1.383,271,754,80,185,1991.58,3,20
¤ì‚¬68bb38ab,1.027,611,1242,128,308,1989.33,3,47
¤ì‚¬68bb38ba,0.75,36,83,16,3,2001,3,57
¤ì‚¬68bb38bb,0.75,,,,,,4,86
¤ì‚¬68bb39aa,0.458,269,871,192,27,2000.96,1,45
¤ì‚¬68bb39ab,0.458,563,2019,531,14,2020,0,0
¤ì‚¬68bb39ba,1.299,212,692,166,6,2020,0,0
¤ì‚¬68bb39bb,2.285,,,,,,0,0
¤ì‚¬68bb40aa,1.32,,,,1,2012,0,0
¤ì‚¬68bb40ab,1.32,22,76,16,1,2019,0,0
¤ì‚¬68bb40ba,1.32,26,140,40,60,2017.97,0,0
¤ì‚¬68bb40bb,0.453,105,903,476,58,2017.21,0,0
¤ì‚¬68bb41aa,0.453,53,404,182,31,2016.58,0,0
¤ì‚¬68bb41ab,0.453,,,,,,0,0
¤ì‚¬68bb41ba,0.518,,,,,,0,0
¤ì‚¬69aa29aa,3.73,,,,,,0,0
¤ì‚¬69aa29ab,3.73,,,,1,1993,0,0
¤ì‚¬69aa29ba,4.314,,,,,,0,0
¤ì‚¬69aa29bb,4.314,,,,,,0,0
¤ì‚¬69aa30aa,4.585,,,,,,0,0
¤ì‚¬69aa30ab,3.045,,,,,,0,0
¤ì‚¬69aa30ba,3.712,,,,1,1999,1,0
¤ì‚¬69aa30bb,2.788,,0,,1,1970,0,0
¤ì‚¬69aa31aa,2.788,,,,,,0,0
¤ì‚¬69aa31ab,2.678,0,0,,7,1999.71,1,0
¤ì‚¬69aa31ba,2.678,56,143,42,54,1999.93,5,8
¤ì‚¬69aa31bb,3.37,,,,2,2007,0,0
¤ì‚¬69aa32aa,3.37,0,57,30,,,0,0
¤ì‚¬69aa32ab,3.37,13,145,54,,,0,0
¤ì‚¬69aa32ba,3.662,,,,,,0,0
¤ì‚¬69aa32bb,4.301,,,,,,0,0
¤ì‚¬69aa33aa,3.757,,,,,,0,0
¤ì‚¬69aa33ab,3.757,,,,,,0,0
¤ì‚¬69aa33ba,3.757,,,,,,0,0
¤ì‚¬69aa33bb,3.524,0,7,0,6,1994,0,0
¤ì‚¬69aa34aa,2.715,0,17,0,13,2005,0,0
¤ì‚¬69aa34ab,2.715,102,269,46,20,1994,0,0
¤ì‚¬69aa34ba,2.715,16,34,0,1,1994,0,0
¤ì‚¬69aa34bb,2.309,246,503,43,4,2008,0,0
¤ì‚¬69aa35aa,0.249,135,377,47,50,2009.32,5,0
¤ì‚¬69aa35ab,0.249,66,244,45,47,2009.62,2,0
¤ì‚¬69aa35ba,0.249,,0,0,5,2012.8,1,0
¤ì‚¬69aa35bb,12.458,,,,,,0,0
¤ì‚¬69aa36aa,1.643,,,,,,0,0
¤ì‚¬69aa36ab,1.643,56,90,12,9,1996.67,1,5
¤ì‚¬69aa36ba,1.643,704,1915,403,73,1994.4,3,15
¤ì‚¬69aa36bb,1.104,188,453,82,78,1993.08,3,18
¤ì‚¬69aa37aa,0.929,222,700,181,21,1998.29,1,8
¤ì‚¬69aa37ab,2.016,26,101,29,1,2012,1,6
¤ì‚¬69aa37ba,1.383,73,341,114,17,2012,1,9
¤ì‚¬69aa37bb,1.338,,,,8,1992.57,3,57
¤ì‚¬69aa38aa,1.338,88,228,39,202,1989.98,5,46
¤ì‚¬69aa38ab,1.338,804,1891,316,37,1991.92,0,7
¤ì‚¬69aa38ba,0.515,155,391,74,7,1991.29,2,0
¤ì‚¬69aa38bb,0.854,,,,3,1991.67,2,24
¤ì‚¬69aa39aa,0.854,60,88,9,34,1990.09,7,29
¤ì‚¬69aa39ab,0.854,29,87,10,390,1989.04,6,58
¤ì‚¬69aa39ba,0.587,19,47,0,398,1987.48,5,56
¤ì‚¬69aa39bb,2.285,,0,0,58,1986.16,0,7
¤ì‚¬69aa40aa,1.32,,,,,,0,0
¤ì‚¬69aa40ab,1.32,,,,,,0,0
¤ì‚¬69aa40ba,1.32,0,15,0,5,2018.6,0,0
¤ì‚¬69aa40bb,0.453,85,303,98,30,2017.13,0,0
¤ì‚¬69aa41aa,0.453,148,535,173,37,2015.62,0,0
¤ì‚¬69aa41ab,0.453,172,898,366,12,2016,0,0
¤ì‚¬69aa41ba,0.808,91,625,259,17,2016.12,0,0
¤ì‚¬69ab29ab,3.73,,,,,,0,0
¤ì‚¬69ab29ba,3.69,,,,,,0,0
¤ì‚¬69ab29bb,4.314,,,,,,0,0
¤ì‚¬69ab30aa,4.256,,,,,,0,0
¤ì‚¬69ab30ab,3.045,,,,,,0,0
¤ì‚¬69ab30ba,3.712,,,,,,0,0
¤ì‚¬69ab30bb,3.712,,,,,,0,0
¤ì‚¬69ab31aa,3.712,,,,,,0,0
¤ì‚¬69ab31ab,3.074,,,,,,0,0
¤ì‚¬69ab31ba,3.074,,,,1,1999,0,0
¤ì‚¬69ab31bb,3.546,0,0,,2,1919.5,0,52
¤ì‚¬69ab32aa,3.546,14,25,0,12,2008.08,0,3
¤ì‚¬69ab32ab,3.546,,,,,,0,0
¤ì‚¬69ab32ba,4.257,,,,,,0,0
¤ì‚¬69ab32bb,4.461,,,,,,0,0
¤ì‚¬69ab33aa,3.757,,,,,,0,0
¤ì‚¬69ab33ab,3.757,,,,,,0,0
¤ì‚¬69ab33ba,3.37,,,,,,0,0
¤ì‚¬69ab33bb,3.37,10,21,,15,2004.53,0,2
¤ì‚¬69ab34aa,3.37,164,415,69,11,1997.91,1,0
¤ì‚¬69ab34ab,2.715,,,,,,0,0
¤ì‚¬69ab34ba,2.715,,,,,,0,0
¤ì‚¬69ab34bb,2.704,10,132,56,8,2019,0,0
¤ì‚¬69ab35aa,0.249,234,718,220,30,2013.03,1,0
¤ì‚¬69ab35ab,2.338,0,38,18,6,2008,3,0
¤ì‚¬69ab35ba,3.156,,,,,,0,0
¤ì‚¬69ab35bb,3.232,,,,2,2021,0,1
¤ì‚¬69ab36aa,1.933,,,,,,0,0
¤ì‚¬69ab36ab,1.933,,,,,,0,0
¤ì‚¬69ab36ba,1.933,182,503,94,6,1999.33,0,0
¤ì‚¬69ab36bb,2.157,76,227,42,23,1999,1,6
¤ì‚¬69ab37aa,1.787,31,111,31,1,2007,0,1
¤ì‚¬69ab37ab,2.016,67,171,26,87,1988.1,2,18
¤ì‚¬69ab37ba,1.383,239,464,56,438,1988.26,4,94
¤ì‚¬69ab37bb,1.332,35,61,0,54,1987.5,4,19
¤ì‚¬69ab38aa,1.332,443,612,37,301,1985.65,5,86
¤ì‚¬69ab38ab,1.332,238,506,72,55,1989.26,1,8
¤ì‚¬69ab38ba,0.92,0,0,,2,1985.5,0,1
¤ì‚¬69ab38bb,0.854,78,195,45,25,1992.44,0,22
¤ì‚¬69ab39aa,0.854,91,214,46,35,1990.83,2,9
¤ì‚¬69ab39ab,0.854,0,8,,240,1988.35,2,37
¤ì‚¬69ab39ba,0.203,630,1350,238,397,1992.35,4,69
¤ì‚¬69ab39bb,0.88,285,691,128,322,1991.03,3,48
¤ì‚¬69ab40aa,1.067,,,,1,2019,0,0
¤ì‚¬69ab40ab,1.499,,,,,,0,0
¤ì‚¬69ab40ba,0.899,,,,,,0,0
¤ì‚¬69ab40bb,0.453,79,260,90,12,2017.42,0,0
¤ì‚¬69ab41aa,0.453,260,715,215,9,2015,0,0
¤ì‚¬69ab41ab,0.761,229,1079,414,20,2015.85,0,0
¤ì‚¬69ab41ba,0.915,130,720,263,17,2016,0,0
¤ì‚¬69ba29bb,3.646,,,,,,0,0
¤ì‚¬69ba30aa,5.537,,,,,,0,0
¤ì‚¬69ba30ab,5.537,0,0,,2,1960,0,0
¤ì‚¬69ba30ba,5.537,,,,,,0,0
¤ì‚¬69ba30bb,3.712,,,,,,0,0
¤ì‚¬69ba31aa,3.712,,,,,,0,0
¤ì‚¬69ba31ab,6.126,,,,,,0,0
¤ì‚¬69ba31ba,3.506,,,,,,0,0
¤ì‚¬69ba31bb,3.546,,,,,,0,0
¤ì‚¬69ba32aa,3.546,0,26,12,1,1983,0,0
¤ì‚¬69ba32ab,3.546,,,,2,2005,0,0
¤ì‚¬69ba32ba,4.117,,,,,,0,0
¤ì‚¬69ba32bb,4.461,,,,,,0,0
¤ì‚¬69ba33aa,3.757,,,,,,0,0
¤ì‚¬69ba33ab,3.757,,,,,,0,0
¤ì‚¬69ba33ba,3.37,,,,,,0,1
¤ì‚¬69ba33bb,3.37,20,71,13,11,2001.55,1,13
¤ì‚¬69ba34aa,3.37,0,11,,11,2004.82,1,4
¤ì‚¬69ba34ab,2.715,,,,1,2007,0,0
¤ì‚¬69ba34ba,2.715,,,,1,2005,0,0
¤ì‚¬69ba34bb,3.095,,,,,,0,0
¤ì‚¬69ba35aa,0.682,286,840,178,32,2013.69,2,0
¤ì‚¬69ba35ab,2.338,192,669,215,7,2010,0,0
¤ì‚¬69ba35ba,3.156,0,9,,6,2003.67,0,8
¤ì‚¬69ba35bb,3.232,0,0,,5,2004,0,3
¤ì‚¬69ba36aa,1.933,,,,,,0,1
¤ì‚¬69ba36ab,1.933,,,,,,0,0
¤ì‚¬69ba36ba,1.933,,,,,,0,0
¤ì‚¬69ba36bb,2.157,8,11,0,5,1994,1,3
¤ì‚¬69ba37aa,0.925,428,1312,238,114,1990.95,1,30
¤ì‚¬69ba37ab,0.925,372,691,95,566,1987.37,5,91
¤ì‚¬69ba37ba,1.307,288,468,46,449,1987.25,3,78
¤ì‚¬69ba37bb,1.332,320,590,54,372,1988.59,2,79
¤ì‚¬69ba38aa,1.332,773,1539,185,343,1991.56,6,76
¤ì‚¬69ba38ab,1.332,297,504,85,121,1989.92,3,24
¤ì‚¬69ba38ba,0.92,292,614,85,77,1993.04,1,20
¤ì‚¬69ba38bb,0.293,525,1263,224,109,1998.42,5,32
¤ì‚¬69ba39aa,0.293,576,1791,475,37,2008.3,0,3
¤ì‚¬69ba39ab,0.854,140,486,125,9,2005.89,3,7
¤ì‚¬69ba39ba,0.756,32,82,13,7,1996.14,1,1
¤ì‚¬69ba39bb,0.939,228,582,58,84,1993.49,5,18
¤ì‚¬69ba40aa,0.939,170,438,53,64,1993.54,2,16
¤ì‚¬69ba40ab,1.499,202,369,28,27,1995.52,1,0
¤ì‚¬69ba40ba,0.899,0,,,1,2017,0,0
¤ì‚¬69ba40bb,0.899,,,,,,0,0
¤ì‚¬69ba41aa,1.235,112,262,68,3,2015,0,0
¤ì‚¬69ba41ab,1.235,147,428,119,4,2015,0,0
¤ì‚¬69bb30ab,5.466,,,,,,0,0
¤ì‚¬69bb30ba,5.466,,,,,,0,0
¤ì‚¬69bb30bb,5.466,,,,,,0,0
¤ì‚¬69bb31aa,5.75,,,,,,0,0
¤ì‚¬69bb31ab,6.044,,,,,,0,0
¤ì‚¬69bb31ba,3.506,,,,,,0,0
¤ì‚¬69bb31bb,3.546,,,,,,0,0
¤ì‚¬69bb32aa,3.546,,,,,,0,0
¤ì‚¬69bb32ab,3.546,,,,,,0,0
¤ì‚¬69bb32ba,4.117,,,,,,0,0
¤ì‚¬69bb32bb,4.911,,,,,,0,0
¤ì‚¬69bb33aa,3.972,,,,,,0,0
¤ì‚¬69bb33ab,3.972,,,,3,2012,0,1
¤ì‚¬69bb33ba,3.37,7,28,,3,1995,0,7
¤ì‚¬69bb33bb,3.37,,,,5,2001.8,0,9
¤ì‚¬69bb34aa,3.37,7,13,0,16,2002.13,0,2
¤ì‚¬69bb34ab,3.721,,,,,,0,0
¤ì‚¬69bb34ba,2.96,,,,,,0,0
¤ì‚¬69bb34bb,3.095,489,1001,168,24,2008.83,1,0
¤ì‚¬69bb35aa,1.556,147,478,126,29,2011.52,1,0
¤ì‚¬69bb35ab,1.556,,,,,,0,0
¤ì‚¬69bb35ba,1.556,,,,,,0,0
¤ì‚¬69bb35bb,3.232,,,,1,2004,0,0
¤ì‚¬69bb36aa,1.933,,,,,,0,0
¤ì‚¬69bb36ab,1.933,,,,,,0,0
¤ì‚¬69bb36ba,1.933,,,,,,0,0
¤ì‚¬69bb36bb,1.626,,,,15,1990.5,0,8
¤ì‚¬69bb37aa,1.108,41,128,13,41,1990.66,1,9
¤ì‚¬69bb37ab,1.108,546,1191,128,313,1989.5,6,83
¤ì‚¬69bb37ba,0.415,429,1005,114,262,1990.37,4,66
¤ì‚¬69bb37bb,1.332,405,840,117,219,1988.38,5,41
¤ì‚¬69bb38aa,1.332,433,1100,178,101,1996.08,3,24
¤ì‚¬69bb38ab,1.332,170,346,43,54,1992.44,6,40
¤ì‚¬69bb38ba,0.92,839,1671,180,283,1993.02,3,70
¤ì‚¬69bb38bb,0.293,566,1223,138,272,1992.57,4,56
¤ì‚¬69bb39aa,0.679,332,812,131,164,1994.61,2,31
¤ì‚¬69bb39ab,0.51,117,283,38,57,1994.61,2,13
¤ì‚¬69bb39ba,0.51,257,461,56,121,1990.88,2,20
¤ì‚¬69bb39bb,0.51,424,1154,199,118,1993.99,4,27
¤ì‚¬69bb40aa,1.837,128,241,16,30,1993.83,0,4
¤ì‚¬69bb40ab,1.542,70,196,25,27,1995.22,1,5
¤ì‚¬69bb40ba,1.162,,,,,,0,0
¤ì‚¬69bb40bb,2.538,,,,,,0,0
¤ì‚¬69bb41aa,1.235,,,,,,0,0
¤ì‚¬69bb41ab,1.235,,,,,,0,0
¤ì‚¬70aa30bb,5.466,,,,,,0,0
¤ì‚¬70aa31aa,5.75,,,,,,0,0
¤ì‚¬70aa31ab,6.133,,,,,,0,0
¤ì‚¬70aa31ba,3.958,,,,,,0,0
¤ì‚¬70aa31bb,4.272,,,,,,0,0
¤ì‚¬70aa32aa,4.493,,,,,,0,0
¤ì‚¬70aa32ab,4.493,,,,,,0,0
¤ì‚¬70aa32ba,4.493,,,,,,0,0
¤ì‚¬70aa32bb,5.322,,,,,,0,0
¤ì‚¬70aa33aa,5.322,,,,,,0,0
¤ì‚¬70aa33ab,5.322,,,,,,0,0
¤ì‚¬70aa33ba,4.239,,0,,1,2006,0,0
¤ì‚¬70aa33bb,4.239,0,0,,3,2008.33,0,4
¤ì‚¬70aa34aa,3.904,,,,,,0,2
¤ì‚¬70aa34ab,4.011,,,,,,0,0
¤ì‚¬70aa34ba,3.461,42,85,10,1,2008,0,0
¤ì‚¬70aa34bb,3.465,210,541,120,24,2008.92,1,0
¤ì‚¬70aa35aa,1.56,,,,,,0,0
¤ì‚¬70aa35ab,1.56,,,,,,0,0
¤ì‚¬70aa35ba,1.56,0,,,2,2004,0,2
¤ì‚¬70aa35bb,1.28,,,,2,2004,0,0
¤ì‚¬70aa36aa,2.075,,,,,,0,0
¤ì‚¬70aa36ab,2.075,,,,,,0,0
¤ì‚¬70aa36ba,2.075,,,,,,0,0
¤ì‚¬70aa36bb,1.145,,,,,,0,0
¤ì‚¬70aa37aa,0.663,131,389,68,70,1993.26,2,20
¤ì‚¬70aa37ab,0.637,568,1473,242,253,1992.49,2,64
¤ì‚¬70aa37ba,0.637,585,1402,202,436,1989.09,5,93
¤ì‚¬70aa37bb,0.39,528,1313,187,314,1989.61,6,51
¤ì‚¬70aa38aa,0.39,257,654,120,125,1991.71,8,59
¤ì‚¬70aa38ab,0.39,45,71,0,15,1994.33,3,90
¤ì‚¬70aa38ba,0.427,580,1303,161,236,1991.72,4,51
¤ì‚¬70aa38bb,0.672,388,964,117,154,1990.41,6,40
¤ì‚¬70aa39aa,0.49,577,1454,220,132,1989.98,2,22
¤ì‚¬70aa39ab,0.49,423,1014,165,136,1991.8,3,43
¤ì‚¬70aa39ba,0.49,490,1053,108,172,1992.89,5,39
¤ì‚¬70aa39bb,0.51,687,1555,236,242,1993.01,5,41
¤ì‚¬70aa40aa,0.517,283,693,113,102,1991.47,4,25
¤ì‚¬70aa40ab,1.837,,0,,1,1999,0,0
¤ì‚¬70aa40ba,2.281,,,,,,0,0
¤ì‚¬70aa40bb,2.538,,,,,,0,0
¤ì‚¬70aa41aa,1.235,,,,,,0,0
¤ì‚¬70aa41ab,1.235,,,,,,0,0
¤ì‚¬70ab31aa,5.75,,,,,,0,0
¤ì‚¬70ab31ab,6.699,,,,,,0,0
¤ì‚¬70ab31ba,4.401,,,,,,0,0
¤ì‚¬70ab31bb,4.272,,,,,,0,0
¤ì‚¬70ab32aa,4.493,,,,,,0,0
¤ì‚¬70ab32ab,5.678,,,,,,0,0
¤ì‚¬70ab32ba,5.678,,,,,,0,0
¤ì‚¬70ab32bb,5.322,,,,,,0,0
¤ì‚¬70ab33aa,5.322,,,,,,0,0
¤ì‚¬70ab33ab,5.322,0,,,3,2019,0,0
¤ì‚¬70ab33ba,4.878,,,,,,0,0
¤ì‚¬70ab33bb,4.239,,,,2,1985,0,0
¤ì‚¬70ab34aa,3.904,,,,,,0,0
¤ì‚¬70ab34ab,4.011,,,,,,0,0
¤ì‚¬70ab34ba,1.349,232,597,111,6,2008,0,0
¤ì‚¬70ab34bb,3.465,115,239,25,2,2008,0,0
¤ì‚¬70ab35aa,1.56,,,,1,,0,0
¤ì‚¬70ab35ab,1.56,,,,1,,0,0
¤ì‚¬70ab35ba,1.56,,,,,,0,0
¤ì‚¬70ab35bb,1.28,0,0,,5,2005.4,0,0
¤ì‚¬70ab36aa,2.182,,,,,,0,0
¤ì‚¬70ab36ab,2.182,,,,,,0,4
¤ì‚¬70ab36ba,2.019,,,,,,0,0
¤ì‚¬70ab36bb,1.145,,,,,,0,0
¤ì‚¬70ab37aa,0.514,145,384,61,92,1991.23,2,18
¤ì‚¬70ab37ab,0.637,370,1042,204,185,1992.01,3,44
¤ì‚¬70ab37ba,0.637,477,1256,215,402,1988.7,2,92
¤ì‚¬70ab37bb,0.345,535,1096,150,381,1987.26,6,76
¤ì‚¬70ab38aa,0.345,432,935,116,214,1991.59,6,53
¤ì‚¬70ab38ab,0.345,,,,7,2012.5,3,103
¤ì‚¬70ab38ba,0.427,332,936,135,157,1994,9,60
¤ì‚¬70ab38bb,0.672,477,1220,176,192,1991.78,3,43
¤ì‚¬70ab39aa,0.49,397,1002,158,169,1991.08,6,36
¤ì‚¬70ab39ab,0.49,330,905,144,60,1994.02,2,7
¤ì‚¬70ab39ba,0.49,765,1820,251,164,1993.63,5,21
¤ì‚¬70ab39bb,0.502,493,1005,142,187,1993.45,2,32
¤ì‚¬70ab40aa,0.517,184,448,74,67,1996.28,2,11
¤ì‚¬70ab40ab,0.931,80,183,15,42,1992.9,2,12
¤ì‚¬70ab40ba,1.837,,,,3,2002,0,0
¤ì‚¬70ab40bb,2.257,,,,,,0,0
¤ì‚¬70ab41aa,2.257,,,,,,0,0
¤ì‚¬70ab41ab,2.257,,,,,,0,0
¤ì‚¬70ba31ab,6.475,,,,,,0,0
¤ì‚¬70ba31ba,6.475,,,,,,0,0
¤ì‚¬70ba31bb,6.643,,,,,,0,0
¤ì‚¬70ba32aa,4.493,,,,,,0,0
¤ì‚¬70ba32ab,5.714,,,,,,0,0
¤ì‚¬70ba32ba,5.476,,,,,,0,0
¤ì‚¬70ba32bb,5.476,,,,,,0,0
¤ì‚¬70ba33aa,5.476,,,,,,0,0
¤ì‚¬70ba33ab,5.261,,,,,,0,0
¤ì‚¬70ba33ba,4.914,,,,,,0,0
¤ì‚¬70ba33bb,3.904,,,,,,0,0
¤ì‚¬70ba34aa,3.904,,,,,,0,0
¤ì‚¬70ba34ab,4.011,,,,,,0,0
¤ì‚¬70ba34ba,10.051,132,179,10,6,1992.8,1,0
¤ì‚¬70ba34bb,3.465,0,,,1,1991,1,0
¤ì‚¬70ba35aa,1.56,,,,,,0,0
¤ì‚¬70ba35ab,1.56,0,0,,1,1998,0,0
¤ì‚¬70ba35ba,1.56,,,,,,0,0
¤ì‚¬70ba35bb,3.016,0,0,,,,0,1
¤ì‚¬70ba36aa,2.088,,,,,,0,4
¤ì‚¬70ba36ab,2.088,,,,,,0,0
¤ì‚¬70ba36ba,2.088,,,,,,0,5
¤ì‚¬70ba36bb,0.944,,0,,10,1993.7,2,1
¤ì‚¬70ba37aa,0.944,,0,,8,1995,0,1
¤ì‚¬70ba37ab,0.637,,,,11,2002.64,1,0
¤ì‚¬70ba37ba,0.637,154,327,37,77,1987.79,3,16
¤ì‚¬70ba37bb,0.345,614,1378,284,125,1989.6,3,28
¤ì‚¬70ba38aa,0.345,640,1186,197,190,1988.6,3,54
¤ì‚¬70ba38ab,0.345,68,173,28,3,1993,3,71
¤ì‚¬70ba38ba,0.831,208,521,65,105,1992.33,3,26
¤ì‚¬70ba38bb,0.672,34,95,17,18,1989.39,0,2
¤ì‚¬70ba39aa,0.49,540,1315,177,276,1993.35,5,45
¤ì‚¬70ba39ab,0.49,308,888,130,124,1994.05,7,29
¤ì‚¬70ba39ba,0.49,444,1140,139,154,1993.81,1,16
¤ì‚¬70ba39bb,0.502,499,1145,186,119,1992.69,3,20
¤ì‚¬70ba40aa,1.106,589,1163,154,136,1993.56,4,39
¤ì‚¬70ba40ab,1.106,339,748,85,140,1991.2,3,26
¤ì‚¬70ba40ba,1.282,165,422,75,30,1993.93,0,3
¤ì‚¬70ba40bb,2.257,,,,,,0,0
¤ì‚¬70ba41aa,2.257,,,,,,0,0
¤ì‚¬70bb31ab,6.507,,,,,,0,0
¤ì‚¬70bb31ba,6.475,,,,,,0,0
¤ì‚¬70bb31bb,6.643,,,,,,0,0
¤ì‚¬70bb32aa,7.989,,,,,,0,0
¤ì‚¬70bb32ab,7.989,,,,,,0,0
¤ì‚¬70bb32ba,7.989,,,,,,0,0
¤ì‚¬70bb33aa,5.019,,,,,,0,0
¤ì‚¬70bb33ab,5.019,,,,,,0,0
¤ì‚¬70bb33ba,5.019,,,,,,0,0
¤ì‚¬70bb33bb,4.958,,,,,,0,0
¤ì‚¬70bb34aa,4.663,,,,,,0,0
¤ì‚¬70bb34ab,10.051,,,,,,0,0
¤ì‚¬70bb34ba,10.051,0,0,0,1,1999,0,0
¤ì‚¬70bb34bb,4.395,,,,,,0,0
¤ì‚¬70bb35aa,3.209,,,,,,0,0
¤ì‚¬70bb35ab,3.016,,,,,,0,0
¤ì‚¬70bb35ba,3.016,,,,,,0,0
¤ì‚¬70bb35bb,3.016,0,0,,,,1,2
¤ì‚¬70bb36aa,2.303,18,22,0,4,2002.5,0,2
¤ì‚¬70bb36ab,2.303,,,,,,0,0
¤ì‚¬70bb36ba,2.088,,,,,,0,0
¤ì‚¬70bb36bb,0.944,,,,3,2004,0,3
¤ì‚¬70bb37aa,0.944,,0,,18,1982.94,1,0
¤ì‚¬70bb37ab,0.944,,,,9,2006.75,0,4
¤ì‚¬70bb37ba,0.914,0,0,,1,2010,0,0
¤ì‚¬70bb37bb,0.345,410,931,166,9,2002.33,1,0
¤ì‚¬70bb38aa,0.345,260,600,113,8,1996.75,1,1
¤ì‚¬70bb38ab,0.345,350,894,175,10,1994.2,0,0
¤ì‚¬70bb38ba,0.358,30,112,23,9,1998.44,1,5
¤ì‚¬70bb38bb,1.578,111,601,61,15,1998.4,2,20
¤ì‚¬70bb39aa,0.587,102,306,55,18,1994.44,2,6
¤ì‚¬70bb39ab,0.502,358,1006,166,167,1992.61,5,36
¤ì‚¬70bb39ba,0.502,203,468,54,64,1994.09,1,20
¤ì‚¬70bb39bb,0.502,439,1230,169,81,1992.75,2,7
¤ì‚¬70bb40aa,1.357,332,1027,191,12,1988.25,2,9
¤ì‚¬70bb40ab,1.357,486,1062,157,140,1994.13,1,25
¤ì‚¬70bb40ba,1.357,34,57,0,5,1995,0,0
¤ì‚¬70bb40bb,2.257,,,,,,0,0
¤ì‚¬70bb41aa,2.257,,,,,,0,0
¤ì‚¬70bb41ab,1.684,,,,,,0,0
¤ì‚¬71aa31ba,6.475,,,,,,0,0
¤ì‚¬71aa31bb,6.892,,,,,,0,0
¤ì‚¬71aa32aa,7.231,,,,,,0,0
¤ì‚¬71aa32ab,8.021,,,,,,0,0
¤ì‚¬71aa33ba,5.019,,,,,,0,0
¤ì‚¬71aa33bb,4.958,,,,,,0,0
¤ì‚¬71aa34aa,9.474,,,,,,0,0
¤ì‚¬71aa34ab,9.474,,,,,,0,0
¤ì‚¬71aa34ba,9.376,,,,,,0,0
¤ì‚¬71aa34bb,4.395,,,,,,0,0
¤ì‚¬71aa35aa,3.209,,,,,,0,0
¤ì‚¬71aa35ab,4.253,,,,,,0,0
¤ì‚¬71aa35ba,4.253,,,,,,0,0
¤ì‚¬71aa35bb,4.253,8,19,0,9,2001.67,0,3
¤ì‚¬71aa36aa,4.005,44,102,23,25,2003.32,1,14
¤ì‚¬71aa36ab,2.303,,,,,,0,0
¤ì‚¬71aa36ba,2.088,,,,,,0,0
¤ì‚¬71aa36bb,0.944,,,,9,2000.78,0,4
¤ì‚¬71aa37aa,0.944,6,20,,20,2002.25,0,0
¤ì‚¬71aa37ab,0.944,0,0,,5,1990.5,0,0
¤ì‚¬71aa37ba,0.994,,,,7,1998.14,0,0
¤ì‚¬71aa37bb,0.994,0,25,0,20,2002,0,3
¤ì‚¬71aa38aa,0.994,,11,,3,1989.67,0,9
¤ì‚¬71aa38ab,0.145,,,,1,1977,0,0
¤ì‚¬71aa38ba,0.358,,,,,,0,0
¤ì‚¬71aa38bb,1.189,131,422,97,2,2006,1,11
¤ì‚¬71aa39aa,1.621,305,1059,287,16,2006,0,0
¤ì‚¬71aa39ab,1.621,,,,,,0,0
¤ì‚¬71aa39ba,1.505,,,,,,1,4
¤ì‚¬71aa39bb,1.505,,,,3,2001,0,1
¤ì‚¬71aa40aa,1.505,,,,,,0,0
¤ì‚¬71aa40ab,1.6,,,,,,0,0
¤ì‚¬71aa40ba,1.6,,,,2,1995,0,0
¤ì‚¬71aa40bb,2.241,,,,,,0,0
¤ì‚¬71aa41aa,1.87,,,,,,0,0
¤ì‚¬71aa41ab,1.684,,,,,,0,0
¤ì‚¬71ab31ba,6.892,,,,,,0,0
¤ì‚¬71ab31bb,6.892,,,,,,0,0
¤ì‚¬71ab32aa,7.338,,,,,,0,0
¤ì‚¬71ab34aa,9.485,,,,,,0,0
¤ì‚¬71ab34ab,9.024,,,,,,0,0
¤ì‚¬71ab34ba,9.024,,,,,,0,0
¤ì‚¬71ab34bb,4.763,,,,,,0,0
¤ì‚¬71ab35aa,3.824,,,,,,0,0
¤ì‚¬71ab35ab,3.824,,,,,,0,0
¤ì‚¬71ab35ba,4.253,,,,,,0,0
¤ì‚¬71ab35bb,4.253,0,0,,,,0,0
¤ì‚¬71ab36aa,4.005,62,109,13,30,2010.07,1,13
¤ì‚¬71ab36ab,2.303,,,,,,0,0
¤ì‚¬71ab36ba,2.535,,,,,,0,0
¤ì‚¬71ab36bb,1.93,0,,0,11,1997.36,0,0
¤ì‚¬71ab37aa,1.087,0,0,,26,1980.19,0,1
¤ì‚¬71ab37ab,0.953,,,,8,1998,0,1
¤ì‚¬71ab37ba,0.994,0,0,,21,1993,0,1
¤ì‚¬71ab37bb,0.994,,,,7,1996.57,0,0
¤ì‚¬71ab38aa,0.994,0,0,,8,1998.63,0,1
¤ì‚¬71ab38ab,0.358,,0,,3,1987.67,0,0
¤ì‚¬71ab38ba,0.358,,,,,,0,0
¤ì‚¬71ab38bb,2.157,,,,,,0,0
¤ì‚¬71ab39aa,1.841,,,,,,0,0
¤ì‚¬71ab39ab,1.841,,,,,,0,0
¤ì‚¬71ab39ba,1.841,,,,,,0,0
¤ì‚¬71ab39bb,1.505,,,,,,0,0
¤ì‚¬71ab40aa,1.505,,,,,,0,0
¤ì‚¬71ab40ab,2.113,,,,,,0,0
¤ì‚¬71ab40ba,2.113,,,,,,0,0
¤ì‚¬71ab40bb,2.113,,,,,,0,0
¤ì‚¬71ab41aa,2.241,0,0,,2,1997,0,0
¤ì‚¬71ab41ab,1.684,,,,1,1980,0,0
¤ì‚¬71ab41ba,0.977,,,,,,0,0
¤ì‚¬71ba35aa,3.824,,,,,,0,0
¤ì‚¬71ba35ab,3.824,,,,,,0,0
¤ì‚¬71ba35ba,3.269,,,,,,0,0
¤ì‚¬71ba35bb,3.269,,,,,,0,0
¤ì‚¬71ba36aa,4.005,12,20,0,14,2004.29,0,4
¤ì‚¬71ba36ab,2.807,,,,,,0,0
¤ì‚¬71ba36ba,2.173,,,,1,2019,0,0
¤ì‚¬71ba36bb,1.93,,,,8,2000.75,0,0
¤ì‚¬71ba37aa,2.254,,,,15,1984.6,0,1
¤ì‚¬71ba37ab,0.953,234,505,75,60,2000.33,4,25
¤ì‚¬71ba37ba,0.994,0,0,,11,1993.27,0,0
¤ì‚¬71ba37bb,0.994,199,615,74,22,1989.05,0,1
¤ì‚¬71ba38aa,0.994,364,846,152,24,1996.48,0,10
¤ì‚¬71ba38ab,1.668,42,103,8,27,2003.19,2,10
¤ì‚¬71ba38ba,1.387,73,147,16,16,2001.38,0,5
¤ì‚¬71ba38bb,1.387,,,,,,0,0
¤ì‚¬71ba39aa,1.841,,,,,,0,0
¤ì‚¬71ba39ab,1.841,,,,,,0,0
¤ì‚¬71ba39ba,1.841,,,,,,0,0
¤ì‚¬71ba39bb,3.191,,,,,,0,0
¤ì‚¬71ba40aa,1.505,,,,,,0,0
¤ì‚¬71ba40ab,1.882,,,,,,0,0
¤ì‚¬71ba40ba,1.882,,,,,,0,0
¤ì‚¬71ba40bb,1.882,0,0,,1,1967,0,0
¤ì‚¬71ba41aa,1.411,,,,,,0,0
¤ì‚¬71ba41ab,1.411,,,,,,0,0
¤ì‚¬71ba41ba,0.61,,,,,,0,0
¤ì‚¬71ba41bb,0.708,,,,,,0,0
¤ì‚¬71bb35aa,3.824,,,,,,0,0
¤ì‚¬71bb35ab,3.824,,,,,,0,0
¤ì‚¬71bb35ba,3.269,,,,4,2008.25,1,0
¤ì‚¬71bb35bb,3.269,,,,2,2012,0,0
¤ì‚¬71bb36aa,2.63,,,,,,0,4
¤ì‚¬71bb36ab,2.44,,,,,,0,0
¤ì‚¬71bb36ba,2.44,,,,,,0,0
¤ì‚¬71bb36bb,2.44,,,,,,0,0
¤ì‚¬71bb37aa,2.301,,,,6,1995.5,1,0
¤ì‚¬71bb37ab,1.959,80,132,11,21,1999.62,0,10
¤ì‚¬71bb37ba,2.05,,0,0,1,2002,0,0
¤ì‚¬71bb37bb,2.05,,,,,,0,0
¤ì‚¬71bb38aa,2.05,82,230,54,4,2002.5,2,3
¤ì‚¬71bb38ab,1.668,51,93,14,17,2000.41,0,7
¤ì‚¬71bb38ba,1.434,19,50,8,7,2002.29,4,2
¤ì‚¬71bb38bb,1.387,,,,,,0,0
¤ì‚¬71bb39aa,1.841,,,,,,0,0
¤ì‚¬71bb39ab,3.313,,,,,,0,0
¤ì‚¬71bb39ba,3.313,,,,,,0,0
¤ì‚¬71bb39bb,2.647,,,,,,0,0
¤ì‚¬71bb40aa,2.647,,,,,,0,0
¤ì‚¬71bb40ab,1.882,,,,,,0,0
¤ì‚¬71bb40ba,1.882,,,,,,0,0
¤ì‚¬71bb40bb,1.882,,,,,,0,0
¤ì‚¬71bb41aa,1.411,,,,,,0,0
¤ì‚¬71bb41ab,1.411,,,,,,0,0
¤ì‚¬71bb41ba,0.61,,,,,,0,0
¤ì‚¬72aa35aa,5.154,,,,,,0,0
¤ì‚¬72aa35ab,3.713,,,,,,0,0
¤ì‚¬72aa35ba,4.058,,,,,,0,0
¤ì‚¬72aa35bb,4.058,,,,,,0,0
¤ì‚¬72aa36aa,2.807,,,,,,0,0
¤ì‚¬72aa36ab,2.44,,,,,,0,0
¤ì‚¬72aa36ba,2.44,,,,,,0,0
¤ì‚¬72aa36bb,2.44,,,,,,0,0
¤ì‚¬72aa37aa,2.535,,,,1,2018,0,0
¤ì‚¬72aa37ab,1.959,,,,,,0,3
¤ì‚¬72aa37ba,2.05,,,,,,0,0
¤ì‚¬72aa37bb,2.05,,,,,,0,0
¤ì‚¬72aa38aa,2.05,,,,,,0,0
¤ì‚¬72aa38ab,1.668,,,,,,0,0
¤ì‚¬72aa38ba,1.434,0,,,2,2008,0,7
¤ì‚¬72aa38bb,1.967,,,,,,0,5
¤ì‚¬72aa39aa,1.967,,,,,,0,0
¤ì‚¬72aa39ab,3.313,,,,,,0,0
¤ì‚¬72aa39ba,3.313,,,,,,0,0
¤ì‚¬72aa39bb,2.647,,,,,,0,0
¤ì‚¬72aa40aa,2.582,,,,,,0,0
¤ì‚¬72aa40ab,1.882,,,,,,0,0
¤ì‚¬72ab35ba,3.312,,,,,,0,0
¤ì‚¬72ab35bb,3.312,,,,,,1,0
¤ì‚¬72ab36aa,3.312,,,,,,0,0
¤ì‚¬72ab36ab,2.44,,,,,,0,0
¤ì‚¬72ab36ba,2.44,,,,,,0,0
¤ì‚¬72ab36bb,2.44,,,,,,0,0
¤ì‚¬72ab37aa,2.908,,,,,,0,0
¤ì‚¬72ab37ab,2.908,,,,,,0,0
¤ì‚¬72ab37ba,2.05,,,,,,0,0
¤ì‚¬72ab37bb,2.05,,,,,,0,0
¤ì‚¬72ab38aa,2.05,,,,,,0,0
¤ì‚¬72ab38ab,1.434,,,,,,0,0
¤ì‚¬72ab38ba,1.434,,,,,,0,0
¤ì‚¬72ab38bb,1.967,,,,,,0,1
¤ì‚¬72ab39aa,1.967,,,,,,0,0
¤ì‚¬72ab39ab,3.313,,,,,,0,0
¤ì‚¬72ab39ba,3.004,,,,,,0,0
¤ì‚¬72ab39bb,2.647,,,,,,0,0
¤ì‚¬72ba35bb,3.592,,,,,,0,0
¤ì‚¬72ba36aa,3.592,,,,,,0,0
¤ì‚¬72ba36ab,3.72,,,,,,0,0
¤ì‚¬72ba36ba,5.796,,,,,,0,0
¤ì‚¬72ba36bb,5.796,,,,,,0,0
¤ì‚¬72ba37aa,2.908,,,,,,0,0
¤ì‚¬72ba37ab,2.908,,,,,,0,0
¤ì‚¬72ba37ba,2.168,,,,,,0,1
¤ì‚¬72ba37bb,2.168,,,,,,0,0
¤ì‚¬72ba38aa,2.168,,,,,,0,0
¤ì‚¬72ba38ab,2.141,,,,,,0,0
¤ì‚¬72ba38ba,2.02,,,,,,0,0
¤ì‚¬72ba38bb,1.967,,,,,,0,0
¤ì‚¬72ba39aa,1.967,,,,,,0,0
¤ì‚¬72ba39ab,3.355,,,,,,0,0
¤ì‚¬72ba39ba,3.239,,,,,,0,0
¤ì‚¬72ba39bb,3.239,,,,,,0,0
¤ì‚¬72bb35bb,3.592,,,,,,0,0
¤ì‚¬72bb36aa,3.592,,,,,,0,0
¤ì‚¬72bb36ab,3.72,,,,,,0,0
¤ì‚¬72bb36ba,5.806,,,,,,0,0
¤ì‚¬72bb36bb,3.316,,,,,,0,0
¤ì‚¬72bb37aa,3.467,,,,,,0,0
¤ì‚¬72bb37ab,3.467,,,,,,0,0
¤ì‚¬72bb37ba,3.918,,,,,,0,0
¤ì‚¬72bb37bb,3.918,,,,,,0,0
¤ì‚¬72bb38aa,3.918,,,,,,0,0
¤ì‚¬72bb38ab,2.434,,,,,,0,0
¤ì‚¬72bb38ba,2.454,,,,,,0,0
¤ì‚¬72bb38bb,5.871,,,,,,0,0
¤ì‚¬72bb39aa,3.708,,,,,,0,0
¤ì‚¬72bb39ab,3.708,,,,,,0,0
¤ì‚¬72bb39ba,3.708,,,,,,0,0
¤ì‚¬73aa36bb,3.698,,,,,,0,0
¤ì‚¬73aa38aa,3.918,,,,,,0,0
¤ì‚¬73aa38ab,6.019,,,,,,0,0
¤ì‚¬73aa38ba,5.911,,,,,,0,0
¤ì‚¬73aa38bb,5.911,,,,,,0,0
¤ì‚¬73aa39aa,3.708,,,,,,0,0
